key	icon	type
#chaotic_plan_token_types_tables;2;db/chaotic_plan_token_types_tables/data__		
wh3_dlc29_token_type_action	UI\skins\default\1x1_transparent_white.png	action
wh3_dlc29_token_type_dummy	UI\skins\default\1x1_transparent_white.png	dummy
wh3_dlc29_token_type_green	UI\skins\default\dlc29_skv_chaotic_plans\token\token_frame_positive.png	green
wh3_dlc29_token_type_modify_pool	UI\skins\default\1x1_transparent_white.png	modify_pool
wh3_dlc29_token_type_purple	UI\skins\default\dlc29_skv_chaotic_plans\token\token_frame_wild.png	purple
wh3_dlc29_token_type_red	UI\skins\default\dlc29_skv_chaotic_plans\token\token_frame_negative.png	red
wh3_dlc29_token_type_upgrade	UI\skins\default\1x1_transparent_white.png	upgrade
wh3_dlc29_token_type_yellow	UI\skins\default\dlc29_skv_chaotic_plans\token\token_frame_projekt.png	yellow
