category_object	category_chain	order
#chaotic_plan_shop_category_chain_to_object_junctions_tables;0;db/chaotic_plan_shop_category_chain_to_object_junctions_tables/data__		
wh3_dlc29_economic_action_draw_warlock	wh3_dlc29_economic_action_draw_warlock	0
wh3_dlc29_military_mod_pool_cannons_warlock_1	wh3_dlc29_military_mod_pool_cannons_warlock	0
wh3_dlc29_military_mod_pool_cannons_warlock_2	wh3_dlc29_military_mod_pool_cannons_warlock	1
wh3_dlc29_shop_military_mod_pool_clanrats_grey_seer_2	wh3_dlc29_military_mod_pool_clanrats_grey_seer	0
wh3_dlc29_shop_military_mod_pool_clanrats_grey_seer_3	wh3_dlc29_military_mod_pool_clanrats_grey_seer	1
wh3_dlc29_shop_military_mod_pool_clanrats_grey_seer_4	wh3_dlc29_military_mod_pool_clanrats_grey_seer	2
wh3_dlc29_shop_military_mod_pool_clanrats_grey_seer_5	wh3_dlc29_military_mod_pool_clanrats_grey_seer	3
wh3_dlc29_shop_military_mod_pool_stormfiends_warlock_1	wh3_dlc29_military_mod_pool_stormfiends_warlock	0
wh3_dlc29_shop_military_mod_pool_stormfiends_warlock_2	wh3_dlc29_military_mod_pool_stormfiends_warlock	1
wh3_dlc29_shop_military_mod_pool_stormfiends_warlock_3	wh3_dlc29_military_mod_pool_stormfiends_warlock	2
wh3_dlc29_shop_military_mod_pool_stormfiends_warlord_1	wh3_dlc29_military_mod_pool_stormfiends_warlord	0
wh3_dlc29_shop_military_mod_pool_stormfiends_warlord_2	wh3_dlc29_military_mod_pool_stormfiends_warlord	1
wh3_dlc29_shop_military_mod_pool_stormfiends_warlord_3	wh3_dlc29_military_mod_pool_stormfiends_warlord	2
wh3_dlc29_military_upgrade_double_units_warlock	wh3_dlc29_military_upgrade_double_units_warlock	0
wh3_dlc29_shop_action_any_remove_red_2	wh3_dlc29_shop_action_any_remove_red	0
wh3_dlc29_shop_action_any_remove_red_3	wh3_dlc29_shop_action_any_remove_red	1
wh3_dlc29_shop_any_action_assassin_sell_instant	wh3_dlc29_shop_any_action_assassin_sell_instant	0
wh3_dlc29_shop_any_action_experience	wh3_dlc29_shop_any_action_experience	0
wh3_dlc29_shop_economic_action_instant_warpstone_1	wh3_dlc29_shop_economic_action_instant_warpstone	0
wh3_dlc29_shop_economic_action_instant_warpstone_2	wh3_dlc29_shop_economic_action_instant_warpstone	1
wh3_dlc29_shop_economic_action_instant_warpstone_3	wh3_dlc29_shop_economic_action_instant_warpstone	2
wh3_dlc29_shop_economic_green_eshin_all_1	wh3_dlc29_shop_economic_green_eshin_all	0
wh3_dlc29_shop_economic_green_eshin_all_2	wh3_dlc29_shop_economic_green_eshin_all	1
wh3_dlc29_shop_economic_green_eshin_all_3	wh3_dlc29_shop_economic_green_eshin_all	2
wh3_dlc29_shop_economic_green_rictus_warpstone_1	wh3_dlc29_shop_economic_green_rictus_warpstone	0
wh3_dlc29_shop_economic_green_rictus_warpstone_2	wh3_dlc29_shop_economic_green_rictus_warpstone	1
wh3_dlc29_shop_economic_green_rictus_warpstone_3	wh3_dlc29_shop_economic_green_rictus_warpstone	2
wh3_dlc29_shop_economic_green_skryre_treasury_1	wh3_dlc29_shop_economic_green_skryre_treasury	0
wh3_dlc29_shop_economic_green_skryre_treasury_2	wh3_dlc29_shop_economic_green_skryre_treasury	1
wh3_dlc29_shop_economic_green_skryre_treasury_3	wh3_dlc29_shop_economic_green_skryre_treasury	2
wh3_dlc29_shop_economic_green_skryre_warpstone_1	wh3_dlc29_shop_economic_green_skryre_warpstone	0
wh3_dlc29_shop_economic_green_skryre_warpstone_2	wh3_dlc29_shop_economic_green_skryre_warpstone	1
wh3_dlc29_shop_economic_green_skryre_warpstone_3	wh3_dlc29_shop_economic_green_skryre_warpstone	2
wh3_dlc29_shop_economic_mod_pool_grey_seer_treasury_large_1	wh3_dlc29_shop_economic_mod_pool_grey_seer_treasury_large	0
wh3_dlc29_shop_economic_upgrade_grey_seer_treasury_large_2	wh3_dlc29_shop_economic_mod_pool_grey_seer_treasury_large	1
wh3_dlc29_shop_economic_upgrade_grey_seer_treasury_large_3	wh3_dlc29_shop_economic_mod_pool_grey_seer_treasury_large	2
wh3_dlc29_shop_economic_upgrade_basic_treasury_gdp_2	wh3_dlc29_shop_economic_upgrade_basic_treasury_gdp	0
wh3_dlc29_shop_economic_upgrade_basic_treasury_gdp_3	wh3_dlc29_shop_economic_upgrade_basic_treasury_gdp	1
wh3_dlc29_shop_economic_upgrade_basic_treasury_gdp_4	wh3_dlc29_shop_economic_upgrade_basic_treasury_gdp	2
wh3_dlc29_shop_economic_upgrade_basic_treasury_gdp_5	wh3_dlc29_shop_economic_upgrade_basic_treasury_gdp	3
wh3_dlc29_shop_economic_upgrade_basic_warpstone_gdp_2	wh3_dlc29_shop_economic_upgrade_basic_warpstone_gdp	0
wh3_dlc29_shop_economic_upgrade_basic_warpstone_gdp_3	wh3_dlc29_shop_economic_upgrade_basic_warpstone_gdp	1
wh3_dlc29_shop_economic_upgrade_basic_warpstone_gdp_4	wh3_dlc29_shop_economic_upgrade_basic_warpstone_gdp	2
wh3_dlc29_shop_economic_upgrade_basic_warpstone_gdp_5	wh3_dlc29_shop_economic_upgrade_basic_warpstone_gdp	3
wh3_dlc29_shop_economy_action_assassin_draw	wh3_dlc29_shop_economy_action_assassin_draw	0
wh3_dlc29_shop_economy_action_select_resource	wh3_dlc29_shop_economy_action_select_resource	0
wh3_dlc29_shop_economy_mod_pool_basic_food_mid_1	wh3_dlc29_shop_economy_mod_pool_basic_food_mid	0
wh3_dlc29_shop_economy_mod_pool_basic_food_mid_2	wh3_dlc29_shop_economy_mod_pool_basic_food_mid	1
wh3_dlc29_shop_economy_mod_pool_basic_food_mid_3	wh3_dlc29_shop_economy_mod_pool_basic_food_mid	2
wh3_dlc29_shop_economy_mod_pool_basic_food_small_1	wh3_dlc29_shop_economy_mod_pool_basic_food_small	0
wh3_dlc29_shop_economy_mod_pool_basic_food_small_2	wh3_dlc29_shop_economy_mod_pool_basic_food_small	1
wh3_dlc29_shop_economy_mod_pool_basic_food_small_3	wh3_dlc29_shop_economy_mod_pool_basic_food_small	2
wh3_dlc29_shop_magic_draw_combo_piece_verminlord	wh3_dlc29_shop_magic_draw_combo_piece_verminlord	0
wh3_dlc29_shop_magic_upgrade_verminlord_1	wh3_dlc29_shop_magic_summon_verminlord	0
wh3_dlc29_shop_magic_upgrade_verminlord_2	wh3_dlc29_shop_magic_summon_verminlord	1
wh3_dlc29_shop_magic_upgrade_verminlord_3	wh3_dlc29_shop_magic_summon_verminlord	2
wh3_dlc29_shop_magic_upgrade_verminlord_4	wh3_dlc29_shop_magic_summon_verminlord	3
wh3_dlc29_shop_magic_upgrade_verminlord_5	wh3_dlc29_shop_magic_summon_verminlord	4
wh3_dlc29_shop_military_action_assassin_draw	wh3_dlc29_shop_military_action_assassin_draw	0
wh3_dlc29_shop_military_action_assassin	wh3_dlc29_shop_military_action_assassin	0
wh3_dlc29_shop_military_action_assassin_2	wh3_dlc29_shop_military_action_assassin	1
wh3_dlc29_shop_military_action_assassin_3	wh3_dlc29_shop_military_action_assassin	2
wh3_dlc29_shop_military_action_chieftain_0	wh3_dlc29_shop_military_action_chieftain	0
wh3_dlc29_shop_military_action_chieftain_1	wh3_dlc29_shop_military_action_chieftain	1
wh3_dlc29_shop_military_action_chieftain_2	wh3_dlc29_shop_military_action_chieftain	2
wh3_dlc29_shop_military_action_eshin_sorcerer_1	wh3_dlc29_shop_military_action_eshin_sorcerer	0
wh3_dlc29_shop_military_action_eshin_sorcerer_2	wh3_dlc29_shop_military_action_eshin_sorcerer	1
wh3_dlc29_shop_military_action_eshin_sorcerer_3	wh3_dlc29_shop_military_action_eshin_sorcerer	2
wh3_dlc29_shop_military_action_packmaster_0	wh3_dlc29_shop_military_action_packmaster	0
wh3_dlc29_shop_military_action_packmaster_1	wh3_dlc29_shop_military_action_packmaster	1
wh3_dlc29_shop_military_action_packmaster_2	wh3_dlc29_shop_military_action_packmaster	2
wh3_dlc29_shop_military_action_plague_priest_0	wh3_dlc29_shop_military_action_plague_priest	0
wh3_dlc29_shop_military_action_plague_priest_1	wh3_dlc29_shop_military_action_plague_priest	1
wh3_dlc29_shop_military_action_plague_priest_2	wh3_dlc29_shop_military_action_plague_priest	2
wh3_dlc29_shop_military_action_skill_grey_seer_draw_units_2	wh3_dlc29_shop_military_action_skill_grey_seer_draw_units	0
wh3_dlc29_shop_military_action_skill_grey_seer_draw_units_3	wh3_dlc29_shop_military_action_skill_grey_seer_draw_units	1
wh3_dlc29_shop_military_action_skill_grey_seer_draw_units_4	wh3_dlc29_shop_military_action_skill_grey_seer_draw_units	2
wh3_dlc29_shop_military_action_skill_grey_seer_draw_units_5	wh3_dlc29_shop_military_action_skill_grey_seer_draw_units	3
wh3_dlc29_shop_military_action_skill_spawn_cauldron_poxes_1	wh3_dlc29_shop_military_action_skill_spawn_cauldron_poxes	0
wh3_dlc29_shop_military_action_skill_spawn_cauldron_poxes_2	wh3_dlc29_shop_military_action_skill_spawn_cauldron_poxes	1
wh3_dlc29_shop_military_action_skill_spawn_cauldron_poxes_3	wh3_dlc29_shop_military_action_skill_spawn_cauldron_poxes	2
wh3_dlc29_shop_military_action_skill_spawn_hell_pit_abomination_1	wh3_dlc29_shop_military_action_skill_spawn_hell_pit_abomination	0
wh3_dlc29_shop_military_action_skill_spawn_hell_pit_abomination_2	wh3_dlc29_shop_military_action_skill_spawn_hell_pit_abomination	1
wh3_dlc29_shop_military_action_skill_spawn_warp_doom_magma_cannon	wh3_dlc29_shop_military_action_skill_spawn_warp_doom_magma_cannon	0
wh3_dlc29_shop_military_action_warlock_engineer_1	wh3_dlc29_shop_military_action_warlock_engineer	0
wh3_dlc29_shop_military_action_warlock_engineer_2	wh3_dlc29_shop_military_action_warlock_engineer	1
wh3_dlc29_shop_military_action_warlock_engineer_3	wh3_dlc29_shop_military_action_warlock_engineer	2
wh3_dlc29_shop_military_green_basic_infantry_2	wh3_dlc29_shop_military_green_basic_infantry	0
wh3_dlc29_shop_military_green_basic_pusbags_1	wh3_dlc29_shop_military_green_basic_pusbags	0
wh3_dlc29_shop_military_green_basic_pusbags_2	wh3_dlc29_shop_military_green_basic_pusbags	1
wh3_dlc29_shop_military_green_death_runners_1	wh3_dlc29_shop_military_green_death_runners	0
wh3_dlc29_shop_military_green_death_runners_2	wh3_dlc29_shop_military_green_death_runners	1
wh3_dlc29_shop_military_green_death_runners_3	wh3_dlc29_shop_military_green_death_runners	2
wh3_dlc29_shop_military_green_eshin_runners_1	wh3_dlc29_shop_military_green_eshin_runners	0
wh3_dlc29_shop_military_green_eshin_runners_2	wh3_dlc29_shop_military_green_eshin_runners	1
wh3_dlc29_shop_military_green_eshin_runners_3	wh3_dlc29_shop_military_green_eshin_runners	2
wh3_dlc29_shop_military_green_eshin_triads_dlc_1	wh3_dlc29_shop_military_green_eshin_triads_dlc	0
wh3_dlc29_shop_military_green_plague_monks_1	wh3_dlc29_shop_military_green_plague_monks	0
wh3_dlc29_shop_military_green_plague_monks_2	wh3_dlc29_shop_military_green_plague_monks	1
wh3_dlc29_shop_military_mod_pool_plague_censer_bearers	wh3_dlc29_shop_military_green_plague_monks	2
wh3_dlc29_shop_military_green_death_globe_bombadiers_1	wh3_dlc29_shop_military_green_poison_wind_globadiers	1
wh3_dlc29_shop_military_green_poison_wind_globadiers_1	wh3_dlc29_shop_military_green_poison_wind_globadiers	0
wh3_dlc29_shop_military_green_rictus_stormvermin_1	wh3_dlc29_shop_military_green_rictus_stormvermin	0
wh3_dlc29_shop_military_green_rictus_stormvermin_2	wh3_dlc29_shop_military_green_rictus_stormvermin	2
wh3_dlc29_shop_military_green_rictus_stormvermin_3	wh3_dlc29_shop_military_green_rictus_stormvermin	3
wh3_dlc29_shop_military_green_rictus_stormvermin_halberds_1	wh3_dlc29_shop_military_green_rictus_stormvermin	1
wh3_dlc29_shop_military_green_doom_flayer_dlc_1	wh3_dlc29_shop_military_green_skryre_ratling_guns_dlc	2
wh3_dlc29_shop_military_green_skryre_ratling_guns_dlc_1	wh3_dlc29_shop_military_green_skryre_ratling_guns_dlc	0
wh3_dlc29_shop_military_green_warplock_jezzails_dlc_1	wh3_dlc29_shop_military_green_skryre_ratling_guns_dlc	1
wh3_dlc29_shop_military_green_skryre_warpfire_throwers_1	wh3_dlc29_shop_military_green_skryre_warpfire_throwers	0
wh3_dlc29_shop_military_green_poison_wind_mortars_1	wh3_dlc29_shop_military_green_warp_grinders_dlc	1
wh3_dlc29_shop_military_green_warp_grinders_dlc_1	wh3_dlc29_shop_military_green_warp_grinders_dlc	0
wh3_dlc29_shop_military_green_warp_lightning_cannon_1_warlord	wh3_dlc29_shop_military_green_warp_lightning_cannon_warlord	0
wh3_dlc29_shop_military_green_warp_lightning_cannon_2_warlord	wh3_dlc29_shop_military_green_warp_lightning_cannon_warlord	1
wh3_dlc29_shop_military_green_warp_lightning_cannon_3_warlord	wh3_dlc29_shop_military_green_warp_lightning_cannon_warlord	2
wh3_dlc29_shop_military_mod_pool_basic_infantry_spears_1	wh3_dlc29_shop_military_mod_pool_basic_infantry_spears	0
wh3_dlc29_shop_military_mod_pool_basic_infantry_spears_2	wh3_dlc29_shop_military_mod_pool_basic_infantry_spears	1
wh3_dlc29_shop_military_mod_pool_moulder_wolf_rats_dlc_1	wh3_dlc29_shop_military_mod_pool_moulder_wolf_rats_dlc	0
wh3_dlc29_shop_military_mod_pool_moulder_wolf_rats_dlc_2	wh3_dlc29_shop_military_mod_pool_moulder_wolf_rats_dlc	1
wh3_dlc29_shop_military_mod_pool_plagueclaw_catapult_1	wh3_dlc29_shop_military_mod_pool_plagueclaw_catapult	0
wh3_dlc29_shop_military_mod_pool_plagueclaw_catapult_2	wh3_dlc29_shop_military_mod_pool_plagueclaw_catapult	1
wh3_dlc29_shop_military_mod_pool_plagueclaw_catapult_3	wh3_dlc29_shop_military_mod_pool_plagueclaw_catapult	2
wh3_dlc29_shop_military_mod_pool_remove_skavenslaves	wh3_dlc29_shop_military_mod_pool_remove_skavenslaves	0
wh3_dlc29_shop_military_mod_pool_stormvermin_rank_9	wh3_dlc29_shop_military_mod_pool_stormvermin_rank_9	0
wh3_dlc29_shop_military_mod_pool_mutant_dlc_1	wh3_dlc29_shop_military_mutant_dlc	0
wh3_dlc29_shop_military_mod_pool_mutant_dlc_2	wh3_dlc29_shop_military_mutant_dlc	1
wh3_dlc29_shop_military_mod_pool_mutant_dlc_3	wh3_dlc29_shop_military_mutant_dlc	2
wh3_dlc29_shop_rank_up_artillery_1	wh3_dlc29_shop_rank_up_artillery	0
wh3_dlc29_shop_rank_up_artillery_2	wh3_dlc29_shop_rank_up_artillery	1
wh3_dlc29_shop_rank_up_artillery_3	wh3_dlc29_shop_rank_up_artillery	2
wh3_dlc29_shop_rank_up_melee_infantry_1	wh3_dlc29_shop_rank_up_melee_infantry	0
wh3_dlc29_shop_rank_up_melee_infantry_2	wh3_dlc29_shop_rank_up_melee_infantry	1
wh3_dlc29_shop_rank_up_melee_infantry_3	wh3_dlc29_shop_rank_up_melee_infantry	2
wh3_dlc29_shop_rank_up_missile_infantry_1	wh3_dlc29_shop_rank_up_missile_infantry	0
wh3_dlc29_shop_rank_up_missile_infantry_2	wh3_dlc29_shop_rank_up_missile_infantry	1
wh3_dlc29_shop_rank_up_missile_infantry_3	wh3_dlc29_shop_rank_up_missile_infantry	2
wh3_dlc29_shop_rank_up_monsters_1	wh3_dlc29_shop_rank_up_monsters	0
wh3_dlc29_shop_rank_up_monsters_2	wh3_dlc29_shop_rank_up_monsters	1
wh3_dlc29_shop_rank_up_monsters_3	wh3_dlc29_shop_rank_up_monsters	2
wh3_dlc29_shop_rank_up_weapon_teams_1	wh3_dlc29_shop_rank_up_weapon_teams	0
wh3_dlc29_shop_rank_up_weapon_teams_2	wh3_dlc29_shop_rank_up_weapon_teams	1
wh3_dlc29_shop_rank_up_weapon_teams_3	wh3_dlc29_shop_rank_up_weapon_teams	2
wh3_dlc29_skv_shop_final_battle_support_eshin	wh3_dlc29_skv_shop_final_battle_support_eshin	0
wh3_dlc29_skv_shop_final_battle_support_mors	wh3_dlc29_skv_shop_final_battle_support_mors	0
wh3_dlc29_skv_shop_final_battle_support_moulder	wh3_dlc29_skv_shop_final_battle_support_moulder	0
wh3_dlc29_skv_shop_final_battle_support_pestilens	wh3_dlc29_skv_shop_final_battle_support_pestilens	0
wh3_dlc29_skv_shop_final_battle_support_rictus	wh3_dlc29_skv_shop_final_battle_support_rictus	0
wh3_dlc29_skv_shop_final_battle_support_skryre	wh3_dlc29_skv_shop_final_battle_support_skryre	0
