recruitment_source	bonus_value	effect
#effect_bonus_value_recruitment_source_junctions_tables;0;db/effect_bonus_value_recruitment_source_junctions_tables/data__		
allied_recruitment	unit_max_mod	wh3_cp1_cth_bundle_tiger_court_white_tiger_faction_3
allied_recruitment	unit_max_mod	wh3_cp1_effect_recruitment_cap_allied_units
amethyst_units	unit_max_mod	wh3_dlc25_effect_recruitment_cap_amethyst_units
grudge_settler	unit_max_mod	wh3_dlc25_effect_recruitment_source_grudge_settlers
wh3_dlc29_woc_gardens_of_nurgle	unit_max_mod	wh3_dlc29_effect_recruitment_cap_garden_units
allied_recruitment	unit_max_mod	wh3_dlc29_middenland_allied_recruitment_unit_cap
allied_recruitment	unit_max_mod	wh3_main_effect_recruitment_cap_allied_units
wh3_main_regiments_of_renown_pool	unit_max_mod	wh3_main_effect_recruitment_cap_ror_units
