campaign_group	set
#campaign_group_faction_plague_setup_sets_tables;0;db/campaign_group_faction_plague_setup_sets_tables/data__	
nurgle_plague_festus_faction	wh3_dlc20_festus_plagues
nurgle_plague	wh3_main_nurgle_plagues
wh2_dlc14_feature_skaven_skrolk	wh2_dlc14_feature_skaven_skrolk
wh2_main_feature_skaven	wh2_main_plague_skaven
wh3_dlc29_glottkin_garden_plagues_group	wh3_dlc29_woc_nurgle_garden_plagues_set
wh3_dlc29_glottkin_marks_plagues_group	wh3_dlc29_woc_nurgle_marks_plagues_set
wh3_main_crimson_plague	wh3_main_crimson_plagues
wh_dlc03_feature_beastmen	wh2_dlc17_plague_beastmen
