token	token_set	weight	amount
#chaotic_plan_tokens_to_token_sets_junctions_tables;1;db/chaotic_plan_tokens_to_token_sets_junctions_tables/data__			
wh3_dlc29_action_any_remove_red_1	wh3_dlc29_skill_innate_skv_schemer_assassin_1	1	1
wh3_dlc29_any_action_basic_diversion_generated	wh3_dlc29_action_economic_dangerous_treasury	1	1
wh3_dlc29_any_action_basic_diversion_generated	wh3_dlc29_action_economic_dangerous_warpstone	1	1
wh3_dlc29_any_action_basic_diversion_generated	wh3_dlc29_action_military_reinforcements	1	1
wh3_dlc29_any_action_basic_diversion_generated	wh3_dlc29_any_action_basic_diversion_generated	1	1
wh3_dlc29_any_action_skill_copy_green_1_economy	wh3_dlc29_skill_innate_skv_schemer_warlock_1	1	1
wh3_dlc29_any_action_skill_copy_green_1_military	wh3_dlc29_skill_innate_skv_schemer_warlock_1	1	1
wh3_dlc29_any_red_alarm_action_cost_1	wh3_dlc29_any_red_green_economic_region_0	1	1
wh3_dlc29_any_red_alarm_action_cost_1	wh3_dlc29_any_red_green_economic_region_1	1	1
wh3_dlc29_any_red_alarm_action_cost_1	wh3_dlc29_any_red_green_economic_region_2	1	1
wh3_dlc29_any_red_alarm_action_cost_1	wh3_dlc29_any_red_green_economic_region_3	1	1
wh3_dlc29_any_red_alarm_action_cost_1	wh3_dlc29_any_red_green_economic_region_4	1	1
wh3_dlc29_any_red_alarm_action_cost_1	wh3_dlc29_any_red_green_economic_region_gdp_based	1	1
wh3_dlc29_any_red_alarm_action_cost_2	wh3_dlc29_any_red_green_economic_region_0	1	1
wh3_dlc29_any_red_alarm_action_cost_2	wh3_dlc29_any_red_green_economic_region_1	1	1
wh3_dlc29_any_red_alarm_action_cost_2	wh3_dlc29_any_red_green_economic_region_2	1	1
wh3_dlc29_any_red_alarm_action_cost_2	wh3_dlc29_any_red_green_economic_region_3	1	1
wh3_dlc29_any_red_alarm_action_cost_2	wh3_dlc29_any_red_green_economic_region_4	1	1
wh3_dlc29_any_red_alarm_action_cost_2	wh3_dlc29_any_red_green_economic_region_gdp_based	1	1
wh3_dlc29_any_red_attention_generated	wh3_dlc29_any_action_draw_warlock_negative	1	1
wh3_dlc29_any_red_attention_generated	wh3_dlc29_any_red_attention_generated	1	1
wh3_dlc29_any_red_basic_alarm_1	wh3_dlc29_any_red_green_economic_region_0	1	1
wh3_dlc29_any_red_basic_alarm_1	wh3_dlc29_any_red_green_economic_region_1	1	1
wh3_dlc29_any_red_basic_alarm_1	wh3_dlc29_any_red_green_economic_region_2	1	1
wh3_dlc29_any_red_basic_alarm_1	wh3_dlc29_any_red_green_economic_region_3	1	1
wh3_dlc29_any_red_basic_alarm_1	wh3_dlc29_any_red_green_economic_region_4	1	1
wh3_dlc29_any_red_basic_alarm_1	wh3_dlc29_any_red_green_economic_region_gdp_based	1	1
wh3_dlc29_any_red_basic_alarm_2	wh3_dlc29_any_red_green_economic_region_0	1	1
wh3_dlc29_any_red_basic_alarm_2	wh3_dlc29_any_red_green_economic_region_1	1	1
wh3_dlc29_any_red_basic_alarm_2	wh3_dlc29_any_red_green_economic_region_2	1	1
wh3_dlc29_any_red_basic_alarm_2	wh3_dlc29_any_red_green_economic_region_3	1	1
wh3_dlc29_any_red_basic_alarm_2	wh3_dlc29_any_red_green_economic_region_4	1	1
wh3_dlc29_any_red_basic_alarm_2	wh3_dlc29_any_red_green_economic_region_gdp_based	1	1
wh3_dlc29_any_red_basic_alarm_3	wh3_dlc29_any_red_green_economic_region_0	1	1
wh3_dlc29_any_red_basic_alarm_3	wh3_dlc29_any_red_green_economic_region_1	1	1
wh3_dlc29_any_red_basic_alarm_3	wh3_dlc29_any_red_green_economic_region_2	1	1
wh3_dlc29_any_red_basic_alarm_3	wh3_dlc29_any_red_green_economic_region_3	1	1
wh3_dlc29_any_red_basic_alarm_3	wh3_dlc29_any_red_green_economic_region_4	1	1
wh3_dlc29_any_red_basic_alarm_3	wh3_dlc29_any_red_green_economic_region_gdp_based	1	1
wh3_dlc29_any_red_basic_alarm_4	wh3_dlc29_any_red_green_economic_region_0	1	1
wh3_dlc29_any_red_basic_alarm_4	wh3_dlc29_any_red_green_economic_region_1	1	1
wh3_dlc29_any_red_basic_alarm_4	wh3_dlc29_any_red_green_economic_region_2	1	1
wh3_dlc29_any_red_basic_alarm_4	wh3_dlc29_any_red_green_economic_region_3	1	1
wh3_dlc29_any_red_basic_alarm_4	wh3_dlc29_any_red_green_economic_region_4	1	1
wh3_dlc29_any_red_basic_alarm_4	wh3_dlc29_any_red_green_economic_region_gdp_based	1	1
wh3_dlc29_any_red_basic_alarm_5	wh3_dlc29_any_red_green_economic_region_0	1	1
wh3_dlc29_any_red_basic_alarm_5	wh3_dlc29_any_red_green_economic_region_1	1	1
wh3_dlc29_any_red_basic_alarm_5	wh3_dlc29_any_red_green_economic_region_2	1	1
wh3_dlc29_any_red_basic_alarm_5	wh3_dlc29_any_red_green_economic_region_3	1	1
wh3_dlc29_any_red_basic_alarm_5	wh3_dlc29_any_red_green_economic_region_4	1	1
wh3_dlc29_any_red_basic_alarm_5	wh3_dlc29_any_red_green_economic_region_gdp_based	1	1
wh3_dlc29_any_red_basic_alarm_6_economy	wh3_dlc29_any_action_draw_warlock_negative	1	1
wh3_dlc29_any_red_basic_alarm_6_economy	wh3_dlc29_any_red_green_economic_region_2	1	1
wh3_dlc29_any_red_basic_alarm_6_economy	wh3_dlc29_any_red_green_economic_region_3	1	1
wh3_dlc29_any_red_basic_alarm_6_economy	wh3_dlc29_any_red_green_economic_region_4	1	1
wh3_dlc29_any_red_basic_alarm_6_military	wh3_dlc29_any_action_draw_warlock_negative	1	1
wh3_dlc29_any_red_basic_alarm_6_military	wh3_dlc29_any_red_green_economic_region_2	1	1
wh3_dlc29_any_red_basic_alarm_6_military	wh3_dlc29_any_red_green_economic_region_3	1	1
wh3_dlc29_any_red_basic_alarm_6_military	wh3_dlc29_any_red_green_economic_region_4	1	1
wh3_dlc29_any_red_basic_elite_1	wh3_dlc29_any_red_green_economic_region_2	6	1
wh3_dlc29_any_red_basic_elite_1	wh3_dlc29_any_red_green_economic_region_3	1	1
wh3_dlc29_any_red_basic_elite_1	wh3_dlc29_any_red_green_economic_region_4	1	1
wh3_dlc29_any_red_basic_elite_2	wh3_dlc29_any_red_green_economic_region_2	3	1
wh3_dlc29_any_red_basic_elite_2	wh3_dlc29_any_red_green_economic_region_3	1	1
wh3_dlc29_any_red_basic_elite_2	wh3_dlc29_any_red_green_economic_region_4	1	1
wh3_dlc29_any_red_basic_elite_x2	wh3_dlc29_any_red_green_economic_region_2	3	1
wh3_dlc29_any_red_basic_elite_x2	wh3_dlc29_any_red_green_economic_region_3	1	1
wh3_dlc29_any_red_basic_elite_x2	wh3_dlc29_any_red_green_economic_region_4	1	1
wh3_dlc29_any_red_basic_guard_1	wh3_dlc29_any_red_green_economic_region_0	1	1
wh3_dlc29_any_red_basic_guard_1	wh3_dlc29_any_red_green_economic_region_1	10	1
wh3_dlc29_any_red_basic_guard_1	wh3_dlc29_any_red_green_economic_region_2	1	1
wh3_dlc29_any_red_basic_guard_1	wh3_dlc29_any_red_green_economic_region_3	1	1
wh3_dlc29_any_red_basic_guard_1	wh3_dlc29_any_red_green_economic_region_4	1	1
wh3_dlc29_any_red_basic_guard_1	wh3_dlc29_any_red_green_economic_region_gdp_based	1	1
wh3_dlc29_any_red_basic_guard_2	wh3_dlc29_any_red_green_economic_region_0	1	1
wh3_dlc29_any_red_basic_guard_2	wh3_dlc29_any_red_green_economic_region_1	1	1
wh3_dlc29_any_red_basic_guard_2	wh3_dlc29_any_red_green_economic_region_2	1	1
wh3_dlc29_any_red_basic_guard_2	wh3_dlc29_any_red_green_economic_region_3	1	1
wh3_dlc29_any_red_basic_guard_2	wh3_dlc29_any_red_green_economic_region_4	1	1
wh3_dlc29_any_red_basic_guard_2	wh3_dlc29_any_red_green_economic_region_gdp_based	1	1
wh3_dlc29_any_red_basic_guard_3	wh3_dlc29_any_red_green_economic_region_0	1	1
wh3_dlc29_any_red_basic_guard_3	wh3_dlc29_any_red_green_economic_region_1	1	1
wh3_dlc29_any_red_basic_guard_3	wh3_dlc29_any_red_green_economic_region_2	1	1
wh3_dlc29_any_red_basic_guard_3	wh3_dlc29_any_red_green_economic_region_3	1	1
wh3_dlc29_any_red_basic_guard_3	wh3_dlc29_any_red_green_economic_region_4	1	1
wh3_dlc29_any_red_basic_guard_3	wh3_dlc29_any_red_green_economic_region_gdp_based	1	1
wh3_dlc29_any_red_deserters	wh3_dlc29_skv_hidden_chaotic_draw_1	1	1
wh3_dlc29_any_red_embezzlement	wh3_dlc29_skv_hidden_chaotic_draw_1	1	1
wh3_dlc29_any_red_eshin_alarm_1	wh3_dlc29_any_red_green_economic_region_0	1	1
wh3_dlc29_any_red_eshin_alarm_1	wh3_dlc29_any_red_green_economic_region_1	1	1
wh3_dlc29_any_red_eshin_alarm_1	wh3_dlc29_any_red_green_economic_region_2	1	1
wh3_dlc29_any_red_eshin_alarm_1	wh3_dlc29_any_red_green_economic_region_3	1	1
wh3_dlc29_any_red_eshin_alarm_1	wh3_dlc29_any_red_green_economic_region_4	1	1
wh3_dlc29_any_red_eshin_alarm_1	wh3_dlc29_any_red_green_economic_region_gdp_based	1	1
wh3_dlc29_any_red_mors_alarm_1	wh3_dlc29_any_red_green_economic_region_0	1	1
wh3_dlc29_any_red_mors_alarm_1	wh3_dlc29_any_red_green_economic_region_1	1	1
wh3_dlc29_any_red_mors_alarm_1	wh3_dlc29_any_red_green_economic_region_2	1	1
wh3_dlc29_any_red_mors_alarm_1	wh3_dlc29_any_red_green_economic_region_3	1	1
wh3_dlc29_any_red_mors_alarm_1	wh3_dlc29_any_red_green_economic_region_4	1	1
wh3_dlc29_any_red_mors_alarm_1	wh3_dlc29_any_red_green_economic_region_gdp_based	1	1
wh3_dlc29_any_red_moulder_alarm_1	wh3_dlc29_any_red_green_economic_region_0	1	1
wh3_dlc29_any_red_moulder_alarm_1	wh3_dlc29_any_red_green_economic_region_1	1	1
wh3_dlc29_any_red_moulder_alarm_1	wh3_dlc29_any_red_green_economic_region_2	1	1
wh3_dlc29_any_red_moulder_alarm_1	wh3_dlc29_any_red_green_economic_region_3	1	1
wh3_dlc29_any_red_moulder_alarm_1	wh3_dlc29_any_red_green_economic_region_4	1	1
wh3_dlc29_any_red_moulder_alarm_1	wh3_dlc29_any_red_green_economic_region_gdp_based	1	1
wh3_dlc29_any_red_pestilens_alarm_1	wh3_dlc29_any_red_green_economic_region_0	1	1
wh3_dlc29_any_red_pestilens_alarm_1	wh3_dlc29_any_red_green_economic_region_1	1	1
wh3_dlc29_any_red_pestilens_alarm_1	wh3_dlc29_any_red_green_economic_region_2	1	1
wh3_dlc29_any_red_pestilens_alarm_1	wh3_dlc29_any_red_green_economic_region_3	1	1
wh3_dlc29_any_red_pestilens_alarm_1	wh3_dlc29_any_red_green_economic_region_4	1	1
wh3_dlc29_any_red_pestilens_alarm_1	wh3_dlc29_any_red_green_economic_region_gdp_based	1	1
wh3_dlc29_any_red_rictus_alarm_1	wh3_dlc29_any_red_green_economic_region_0	1	1
wh3_dlc29_any_red_rictus_alarm_1	wh3_dlc29_any_red_green_economic_region_1	1	1
wh3_dlc29_any_red_rictus_alarm_1	wh3_dlc29_any_red_green_economic_region_2	1	1
wh3_dlc29_any_red_rictus_alarm_1	wh3_dlc29_any_red_green_economic_region_3	1	1
wh3_dlc29_any_red_rictus_alarm_1	wh3_dlc29_any_red_green_economic_region_4	1	1
wh3_dlc29_any_red_rictus_alarm_1	wh3_dlc29_any_red_green_economic_region_gdp_based	1	1
wh3_dlc29_any_red_rival_grey_seer_alarm_1	wh3_dlc29_any_red_green_economic_region_0	1	1
wh3_dlc29_any_red_rival_grey_seer_alarm_1	wh3_dlc29_any_red_green_economic_region_1	1	1
wh3_dlc29_any_red_rival_grey_seer_alarm_1	wh3_dlc29_any_red_green_economic_region_2	1	1
wh3_dlc29_any_red_rival_grey_seer_alarm_1	wh3_dlc29_any_red_green_economic_region_3	1	1
wh3_dlc29_any_red_rival_grey_seer_alarm_1	wh3_dlc29_any_red_green_economic_region_4	1	1
wh3_dlc29_any_red_rival_grey_seer_alarm_1	wh3_dlc29_any_red_green_economic_region_gdp_based	1	1
wh3_dlc29_any_red_skryre_alarm_1	wh3_dlc29_any_red_green_economic_region_0	1	1
wh3_dlc29_any_red_skryre_alarm_1	wh3_dlc29_any_red_green_economic_region_1	1	1
wh3_dlc29_any_red_skryre_alarm_1	wh3_dlc29_any_red_green_economic_region_2	1	1
wh3_dlc29_any_red_skryre_alarm_1	wh3_dlc29_any_red_green_economic_region_3	1	1
wh3_dlc29_any_red_skryre_alarm_1	wh3_dlc29_any_red_green_economic_region_4	1	1
wh3_dlc29_any_red_skryre_alarm_1	wh3_dlc29_any_red_green_economic_region_gdp_based	1	1
wh3_dlc29_any_red_warlock_alarm_1	wh3_dlc29_any_action_draw_warlock_negative	1	1
wh3_dlc29_any_red_warlock_alarm_2	wh3_dlc29_any_action_draw_warlock_negative	1	1
wh3_dlc29_any_red_warlock_economic_alarm_1	wh3_dlc29_any_action_draw_warlock_negative	1	1
wh3_dlc29_any_red_warlock_military_alarm_1	wh3_dlc29_any_action_draw_warlock_negative	1	1
wh3_dlc29_any_red_warlock_risk_1	wh3_dlc29_any_action_draw_warlock_negative	1	1
wh3_dlc29_any_red_warlock_risk_1	wh3_dlc29_skv_hidden_chaotic_draw_1	1	1
wh3_dlc29_any_yellow_warlock_experience_1	wh3_dlc29_any_action_draw_warlock_negative	1	1
wh3_dlc29_economic_green_basic_treasury_gdp_large_1	wh3_dlc29_any_red_green_economic_region_gdp_based	1	1
wh3_dlc29_economic_green_basic_treasury_gdp_large_1	wh3_dlc29_vault_tokens_draw	1	1
wh3_dlc29_economic_green_basic_treasury_gdp_large_2	wh3_dlc29_vault_tokens_draw	1	1
wh3_dlc29_economic_green_basic_treasury_gdp_large_3	wh3_dlc29_vault_tokens_draw	1	1
wh3_dlc29_economic_green_basic_treasury_gdp_large_4	wh3_dlc29_vault_tokens_draw	1	1
wh3_dlc29_economic_green_basic_treasury_gdp_large_5	wh3_dlc29_vault_tokens_draw	1	1
wh3_dlc29_economic_green_basic_treasury_gdp_small_1	wh3_dlc29_any_red_green_economic_region_gdp_based	1	1
wh3_dlc29_economic_green_basic_treasury_gdp_small_1	wh3_dlc29_vault_tokens_draw	1	1
wh3_dlc29_economic_green_basic_treasury_gdp_small_2	wh3_dlc29_vault_tokens_draw	1	1
wh3_dlc29_economic_green_basic_treasury_gdp_small_3	wh3_dlc29_vault_tokens_draw	1	1
wh3_dlc29_economic_green_basic_treasury_gdp_small_4	wh3_dlc29_vault_tokens_draw	1	1
wh3_dlc29_economic_green_basic_treasury_gdp_small_5	wh3_dlc29_vault_tokens_draw	1	1
wh3_dlc29_economic_green_basic_treasury_large_1	wh3_dlc29_any_red_green_economic_region_0	1	1
wh3_dlc29_economic_green_basic_treasury_large_1	wh3_dlc29_economic_action_draw_assassin	1	1
wh3_dlc29_economic_green_basic_treasury_large_1	wh3_dlc29_treasury_tokens_draw	1	1
wh3_dlc29_economic_green_basic_treasury_large_2	wh3_dlc29_any_red_green_economic_region_1	1	1
wh3_dlc29_economic_green_basic_treasury_large_2	wh3_dlc29_economic_action_draw_assassin	1	1
wh3_dlc29_economic_green_basic_treasury_large_3	wh3_dlc29_any_red_green_economic_region_2	1	1
wh3_dlc29_economic_green_basic_treasury_large_3	wh3_dlc29_economic_action_draw_assassin	1	1
wh3_dlc29_economic_green_basic_treasury_large_4	wh3_dlc29_any_red_green_economic_region_3	1	1
wh3_dlc29_economic_green_basic_treasury_large_4	wh3_dlc29_economic_action_draw_assassin	1	1
wh3_dlc29_economic_green_basic_treasury_large_5	wh3_dlc29_any_red_green_economic_region_4	1	1
wh3_dlc29_economic_green_basic_treasury_large_5	wh3_dlc29_economic_action_draw_assassin	1	1
wh3_dlc29_economic_green_basic_treasury_mid_1	wh3_dlc29_treasury_tokens_draw	1	1
wh3_dlc29_economic_green_basic_treasury_small_1	wh3_dlc29_any_red_green_economic_region_0	1	1
wh3_dlc29_economic_green_basic_treasury_small_1	wh3_dlc29_any_red_green_economic_region_1	1	1
wh3_dlc29_economic_green_basic_treasury_small_1	wh3_dlc29_economic_action_draw_assassin	1	1
wh3_dlc29_economic_green_basic_treasury_small_1	wh3_dlc29_economic_action_draw_warlock	1	1
wh3_dlc29_economic_green_basic_treasury_small_1	wh3_dlc29_treasury_tokens_draw	1	1
wh3_dlc29_economic_green_basic_treasury_small_2	wh3_dlc29_any_red_green_economic_region_2	1	1
wh3_dlc29_economic_green_basic_treasury_small_2	wh3_dlc29_any_red_green_economic_region_3	1	1
wh3_dlc29_economic_green_basic_treasury_small_2	wh3_dlc29_economic_action_draw_assassin	1	1
wh3_dlc29_economic_green_basic_treasury_small_2	wh3_dlc29_economic_action_draw_warlock	1	1
wh3_dlc29_economic_green_basic_treasury_small_3	wh3_dlc29_any_red_green_economic_region_4	1	1
wh3_dlc29_economic_green_basic_treasury_small_3	wh3_dlc29_economic_action_draw_assassin	1	1
wh3_dlc29_economic_green_basic_treasury_small_3	wh3_dlc29_economic_action_draw_warlock	1	1
wh3_dlc29_economic_green_basic_treasury_very_large_1	wh3_dlc29_economic_action_draw_assassin	1	1
wh3_dlc29_economic_green_basic_treasury_very_large_1	wh3_dlc29_economic_action_draw_warlock	1	1
wh3_dlc29_economic_green_basic_treasury_very_large_1	wh3_dlc29_treasury_tokens_draw	1	1
wh3_dlc29_economic_green_basic_warpstone_gdp_large_1	wh3_dlc29_any_red_green_economic_region_gdp_based	1	1
wh3_dlc29_economic_green_basic_warpstone_gdp_large_1	wh3_dlc29_vault_tokens_draw	1	1
wh3_dlc29_economic_green_basic_warpstone_gdp_large_2	wh3_dlc29_vault_tokens_draw	1	1
wh3_dlc29_economic_green_basic_warpstone_gdp_large_3	wh3_dlc29_vault_tokens_draw	1	1
wh3_dlc29_economic_green_basic_warpstone_gdp_large_4	wh3_dlc29_vault_tokens_draw	1	1
wh3_dlc29_economic_green_basic_warpstone_gdp_large_5	wh3_dlc29_vault_tokens_draw	1	1
wh3_dlc29_economic_green_basic_warpstone_gdp_small_1	wh3_dlc29_any_red_green_economic_region_gdp_based	1	1
wh3_dlc29_economic_green_basic_warpstone_gdp_small_1	wh3_dlc29_vault_tokens_draw	1	1
wh3_dlc29_economic_green_basic_warpstone_gdp_small_2	wh3_dlc29_vault_tokens_draw	1	1
wh3_dlc29_economic_green_basic_warpstone_gdp_small_3	wh3_dlc29_vault_tokens_draw	1	1
wh3_dlc29_economic_green_basic_warpstone_gdp_small_4	wh3_dlc29_vault_tokens_draw	1	1
wh3_dlc29_economic_green_basic_warpstone_gdp_small_5	wh3_dlc29_vault_tokens_draw	1	1
wh3_dlc29_economic_green_basic_warpstone_large_1	wh3_dlc29_any_red_green_economic_region_0	1	1
wh3_dlc29_economic_green_basic_warpstone_large_1	wh3_dlc29_economic_action_draw_assassin	1	1
wh3_dlc29_economic_green_basic_warpstone_large_1	wh3_dlc29_warpstone_tokens_draw	1	1
wh3_dlc29_economic_green_basic_warpstone_large_2	wh3_dlc29_any_red_green_economic_region_1	1	1
wh3_dlc29_economic_green_basic_warpstone_large_2	wh3_dlc29_economic_action_draw_assassin	1	1
wh3_dlc29_economic_green_basic_warpstone_large_3	wh3_dlc29_any_red_green_economic_region_2	1	1
wh3_dlc29_economic_green_basic_warpstone_large_3	wh3_dlc29_economic_action_draw_assassin	1	1
wh3_dlc29_economic_green_basic_warpstone_large_4	wh3_dlc29_any_red_green_economic_region_3	1	1
wh3_dlc29_economic_green_basic_warpstone_large_4	wh3_dlc29_economic_action_draw_assassin	1	1
wh3_dlc29_economic_green_basic_warpstone_large_5	wh3_dlc29_any_red_green_economic_region_4	1	1
wh3_dlc29_economic_green_basic_warpstone_large_5	wh3_dlc29_economic_action_draw_assassin	1	1
wh3_dlc29_economic_green_basic_warpstone_mid_1	wh3_dlc29_warpstone_tokens_draw	1	1
wh3_dlc29_economic_green_basic_warpstone_small_1	wh3_dlc29_any_red_green_economic_region_0	1	1
wh3_dlc29_economic_green_basic_warpstone_small_1	wh3_dlc29_any_red_green_economic_region_1	1	1
wh3_dlc29_economic_green_basic_warpstone_small_1	wh3_dlc29_economic_action_draw_assassin	1	1
wh3_dlc29_economic_green_basic_warpstone_small_1	wh3_dlc29_economic_action_draw_warlock	1	1
wh3_dlc29_economic_green_basic_warpstone_small_1	wh3_dlc29_warpstone_tokens_draw	1	1
wh3_dlc29_economic_green_basic_warpstone_small_2	wh3_dlc29_any_red_green_economic_region_2	1	1
wh3_dlc29_economic_green_basic_warpstone_small_2	wh3_dlc29_any_red_green_economic_region_3	1	1
wh3_dlc29_economic_green_basic_warpstone_small_2	wh3_dlc29_economic_action_draw_assassin	1	1
wh3_dlc29_economic_green_basic_warpstone_small_2	wh3_dlc29_economic_action_draw_warlock	1	1
wh3_dlc29_economic_green_basic_warpstone_small_3	wh3_dlc29_any_red_green_economic_region_4	1	1
wh3_dlc29_economic_green_basic_warpstone_small_3	wh3_dlc29_economic_action_draw_assassin	1	1
wh3_dlc29_economic_green_basic_warpstone_small_3	wh3_dlc29_economic_action_draw_warlock	1	1
wh3_dlc29_economic_green_basic_warpstone_very_large_1	wh3_dlc29_economic_action_draw_assassin	1	1
wh3_dlc29_economic_green_basic_warpstone_very_large_1	wh3_dlc29_warpstone_tokens_draw	1	1
wh3_dlc29_economic_green_eshin_all_1	wh3_dlc29_economic_action_draw_assassin	1	1
wh3_dlc29_economic_green_eshin_all_2	wh3_dlc29_economic_action_draw_assassin	1	1
wh3_dlc29_economic_green_eshin_all_3	wh3_dlc29_economic_action_draw_assassin	1	1
wh3_dlc29_economic_green_skill_food_huge	wh3_dlc29_schemer_economic_line_8	1	1
wh3_dlc29_economic_green_skill_treasury_huge	wh3_dlc29_schemer_economic_line_6	1	1
wh3_dlc29_economic_green_skill_warpstone_huge	wh3_dlc29_schemer_economic_line_7	1	1
wh3_dlc29_economic_green_skryre_treasury_1	wh3_dlc29_economic_action_draw_warlock	1	1
wh3_dlc29_economic_green_skryre_treasury_1	wh3_dlc29_economic_green_skryre_treasury_1	1	1
wh3_dlc29_economic_green_skryre_treasury_2	wh3_dlc29_economic_action_draw_warlock	1	1
wh3_dlc29_economic_green_skryre_treasury_2	wh3_dlc29_economic_green_skryre_treasury_2	1	1
wh3_dlc29_economic_green_skryre_treasury_3	wh3_dlc29_economic_action_draw_warlock	1	1
wh3_dlc29_economic_green_skryre_treasury_3	wh3_dlc29_economic_green_skryre_treasury_3	1	1
wh3_dlc29_economic_green_skryre_warpstone_1	wh3_dlc29_economic_action_draw_warlock	1	1
wh3_dlc29_economic_green_skryre_warpstone_1	wh3_dlc29_economic_green_skryre_warpstone_1	1	1
wh3_dlc29_economic_green_skryre_warpstone_2	wh3_dlc29_economic_action_draw_warlock	1	1
wh3_dlc29_economic_green_skryre_warpstone_2	wh3_dlc29_economic_green_skryre_warpstone_2	1	1
wh3_dlc29_economic_green_skryre_warpstone_3	wh3_dlc29_economic_action_draw_warlock	1	1
wh3_dlc29_economic_green_skryre_warpstone_3	wh3_dlc29_economic_green_skryre_warpstone_3	1	1
wh3_dlc29_economy_red_alarm_food_1	wh3_dlc29_any_red_green_economic_region_0	1	1
wh3_dlc29_economy_red_alarm_food_1	wh3_dlc29_any_red_green_economic_region_1	1	1
wh3_dlc29_economy_red_alarm_food_1	wh3_dlc29_any_red_green_economic_region_2	1	1
wh3_dlc29_economy_red_alarm_food_1	wh3_dlc29_any_red_green_economic_region_3	1	1
wh3_dlc29_economy_red_alarm_food_1	wh3_dlc29_any_red_green_economic_region_4	1	1
wh3_dlc29_economy_red_alarm_food_1	wh3_dlc29_any_red_green_economic_region_gdp_based	1	1
wh3_dlc29_economy_red_alarm_food_2	wh3_dlc29_any_red_green_economic_region_0	1	1
wh3_dlc29_economy_red_alarm_food_2	wh3_dlc29_any_red_green_economic_region_1	1	1
wh3_dlc29_economy_red_alarm_food_2	wh3_dlc29_any_red_green_economic_region_2	1	1
wh3_dlc29_economy_red_alarm_food_2	wh3_dlc29_any_red_green_economic_region_3	1	1
wh3_dlc29_economy_red_alarm_food_2	wh3_dlc29_any_red_green_economic_region_4	1	1
wh3_dlc29_economy_red_alarm_food_2	wh3_dlc29_any_red_green_economic_region_gdp_based	1	1
wh3_dlc29_economy_red_alarm_food_3	wh3_dlc29_any_red_green_economic_region_2	1	1
wh3_dlc29_economy_red_alarm_food_3	wh3_dlc29_any_red_green_economic_region_3	1	1
wh3_dlc29_economy_red_alarm_food_3	wh3_dlc29_any_red_green_economic_region_4	1	1
wh3_dlc29_economy_red_alarm_treasury_1	wh3_dlc29_any_red_green_economic_region_0	1	1
wh3_dlc29_economy_red_alarm_treasury_1	wh3_dlc29_any_red_green_economic_region_1	1	1
wh3_dlc29_economy_red_alarm_treasury_1	wh3_dlc29_any_red_green_economic_region_2	1	1
wh3_dlc29_economy_red_alarm_treasury_1	wh3_dlc29_any_red_green_economic_region_3	1	1
wh3_dlc29_economy_red_alarm_treasury_1	wh3_dlc29_any_red_green_economic_region_4	1	1
wh3_dlc29_economy_red_alarm_treasury_2	wh3_dlc29_any_red_green_economic_region_0	1	1
wh3_dlc29_economy_red_alarm_treasury_2	wh3_dlc29_any_red_green_economic_region_1	1	1
wh3_dlc29_economy_red_alarm_treasury_2	wh3_dlc29_any_red_green_economic_region_2	1	1
wh3_dlc29_economy_red_alarm_treasury_2	wh3_dlc29_any_red_green_economic_region_3	1	1
wh3_dlc29_economy_red_alarm_treasury_2	wh3_dlc29_any_red_green_economic_region_4	1	1
wh3_dlc29_economy_red_alarm_treasury_3	wh3_dlc29_any_red_green_economic_region_0	1	1
wh3_dlc29_economy_red_alarm_treasury_3	wh3_dlc29_any_red_green_economic_region_1	1	1
wh3_dlc29_economy_red_alarm_treasury_3	wh3_dlc29_any_red_green_economic_region_2	1	1
wh3_dlc29_economy_red_alarm_treasury_3	wh3_dlc29_any_red_green_economic_region_3	1	1
wh3_dlc29_economy_red_alarm_treasury_3	wh3_dlc29_any_red_green_economic_region_4	1	1
wh3_dlc29_economy_red_alarm_warpstone_1	wh3_dlc29_any_red_green_economic_region_0	1	1
wh3_dlc29_economy_red_alarm_warpstone_1	wh3_dlc29_any_red_green_economic_region_1	1	1
wh3_dlc29_economy_red_alarm_warpstone_1	wh3_dlc29_any_red_green_economic_region_2	1	1
wh3_dlc29_economy_red_alarm_warpstone_1	wh3_dlc29_any_red_green_economic_region_3	1	1
wh3_dlc29_economy_red_alarm_warpstone_1	wh3_dlc29_any_red_green_economic_region_4	1	1
wh3_dlc29_economy_red_alarm_warpstone_1	wh3_dlc29_any_red_green_economic_region_gdp_based	1	1
wh3_dlc29_economy_red_alarm_warpstone_2	wh3_dlc29_any_red_green_economic_region_0	1	1
wh3_dlc29_economy_red_alarm_warpstone_2	wh3_dlc29_any_red_green_economic_region_1	1	1
wh3_dlc29_economy_red_alarm_warpstone_2	wh3_dlc29_any_red_green_economic_region_2	1	1
wh3_dlc29_economy_red_alarm_warpstone_2	wh3_dlc29_any_red_green_economic_region_3	1	1
wh3_dlc29_economy_red_alarm_warpstone_2	wh3_dlc29_any_red_green_economic_region_4	1	1
wh3_dlc29_economy_red_alarm_warpstone_2	wh3_dlc29_any_red_green_economic_region_gdp_based	1	1
wh3_dlc29_economy_red_alarm_warpstone_3	wh3_dlc29_any_red_green_economic_region_2	1	1
wh3_dlc29_economy_red_alarm_warpstone_3	wh3_dlc29_any_red_green_economic_region_3	1	1
wh3_dlc29_economy_red_alarm_warpstone_3	wh3_dlc29_any_red_green_economic_region_4	1	1
wh3_dlc29_economy_yellow_select_resource_speed	wh3_dlc29_economy_action_select_resource	1	1
wh3_dlc29_economy_yellow_select_resource_treasury	wh3_dlc29_economy_action_select_resource	1	1
wh3_dlc29_economy_yellow_select_resource_warpstone	wh3_dlc29_economy_action_select_resource	1	1
wh3_dlc29_green_economic_dangerous_treasury_generated	wh3_dlc29_action_economic_dangerous_treasury	1	1
wh3_dlc29_green_economic_dangerous_warpstone_generated	wh3_dlc29_action_economic_dangerous_warpstone	1	1
wh3_dlc29_green_military_lab_1_generated	wh3_dlc29_green_military_lab	1	1
wh3_dlc29_green_military_lab_1_generated	wh3_dlc29_military_action_draw_assassin	1	1
wh3_dlc29_green_military_lab_2_generated	wh3_dlc29_green_military_lab	1	1
wh3_dlc29_green_military_lab_2_generated	wh3_dlc29_military_action_draw_assassin	1	1
wh3_dlc29_green_military_lab_3_generated	wh3_dlc29_green_military_lab	1	1
wh3_dlc29_green_military_lab_3_generated	wh3_dlc29_military_action_draw_assassin	1	1
wh3_dlc29_green_military_mercenaries_1_generated	wh3_dlc29_green_military_mercenaries	1	1
wh3_dlc29_green_military_mercenaries_2_generated	wh3_dlc29_green_military_mercenaries	1	1
wh3_dlc29_green_military_mercenaries_3_generated	wh3_dlc29_green_military_mercenaries	1	1
wh3_dlc29_green_military_reinforcements_generated	wh3_dlc29_action_military_reinforcements	1	1
wh3_dlc29_green_military_warp_doom_magma_cannon	wh3_dlc29_military_action_draw_assassin	1	1
wh3_dlc29_magic_create_undercity_1	wh3_dlc29_magic_all_combo_pieces	1	1
wh3_dlc29_magic_create_undercity_filler_token_assassins	wh3_dlc29_magic_all_combo_pieces	1	1
wh3_dlc29_magic_create_undercity_filler_token_assassins	wh3_dlc29_magic_create_undercity_combo_pieces_base	1	1
wh3_dlc29_magic_create_undercity_filler_token_crafting	wh3_dlc29_magic_all_combo_pieces	1	1
wh3_dlc29_magic_create_undercity_filler_token_crafting	wh3_dlc29_magic_create_undercity_combo_pieces_base	1	1
wh3_dlc29_magic_create_undercity_filler_token_kidnappers	wh3_dlc29_magic_all_combo_pieces	1	1
wh3_dlc29_magic_create_undercity_filler_token_kidnappers	wh3_dlc29_magic_create_undercity_combo_pieces_base	1	1
wh3_dlc29_magic_create_undercity_filler_token_refinery	wh3_dlc29_magic_all_combo_pieces	1	1
wh3_dlc29_magic_create_undercity_filler_token_refinery	wh3_dlc29_magic_create_undercity_combo_pieces_base	1	1
wh3_dlc29_magic_create_undercity_filler_token_treasury	wh3_dlc29_magic_create_undercity_filler_tokens	1	1
wh3_dlc29_magic_pull_moon_1	wh3_dlc29_magic_all_combo_pieces	1	1
wh3_dlc29_magic_pull_moon_filler_token_warpstone	wh3_dlc29_magic_pull_moon_filler_tokens	1	1
wh3_dlc29_magic_pull_moon_piece_a_1	wh3_dlc29_magic_all_combo_pieces	1	1
wh3_dlc29_magic_pull_moon_piece_a_1	wh3_dlc29_magic_pull_moon_combo_pieces_base	1	1
wh3_dlc29_magic_pull_moon_piece_b_1	wh3_dlc29_magic_all_combo_pieces	1	1
wh3_dlc29_magic_pull_moon_piece_b_1	wh3_dlc29_magic_pull_moon_combo_pieces_base	1	1
wh3_dlc29_magic_pull_moon_piece_c_1	wh3_dlc29_magic_all_combo_pieces	1	1
wh3_dlc29_magic_pull_moon_piece_c_1	wh3_dlc29_magic_pull_moon_combo_pieces_base	1	1
wh3_dlc29_magic_pull_moon_piece_d_1	wh3_dlc29_magic_all_combo_pieces	1	1
wh3_dlc29_magic_pull_moon_piece_d_1	wh3_dlc29_magic_pull_moon_combo_pieces_base	1	1
wh3_dlc29_magic_red_chaos_corruption_1	wh3_dlc29_red_purple_chaos	1	1
wh3_dlc29_magic_red_chaos_corruption_2	wh3_dlc29_any_red_green_economic_region_0	1	1
wh3_dlc29_magic_red_chaos_corruption_2	wh3_dlc29_any_red_green_economic_region_1	1	1
wh3_dlc29_magic_red_chaos_corruption_2	wh3_dlc29_any_red_green_economic_region_2	1	1
wh3_dlc29_magic_red_chaos_corruption_2	wh3_dlc29_any_red_green_economic_region_3	1	1
wh3_dlc29_magic_red_chaos_corruption_2	wh3_dlc29_any_red_green_economic_region_4	1	1
wh3_dlc29_magic_red_chaos_corruption_2	wh3_dlc29_any_red_green_economic_region_gdp_based	1	1
wh3_dlc29_magic_red_chaos_corruption_3	wh3_dlc29_any_red_green_economic_region_0	1	1
wh3_dlc29_magic_red_chaos_corruption_3	wh3_dlc29_any_red_green_economic_region_1	1	1
wh3_dlc29_magic_red_chaos_corruption_3	wh3_dlc29_any_red_green_economic_region_2	1	1
wh3_dlc29_magic_red_chaos_corruption_3	wh3_dlc29_any_red_green_economic_region_3	1	1
wh3_dlc29_magic_red_chaos_corruption_3	wh3_dlc29_any_red_green_economic_region_4	1	1
wh3_dlc29_magic_red_chaos_corruption_3	wh3_dlc29_any_red_green_economic_region_gdp_based	1	1
wh3_dlc29_magic_red_elite_chaos_corruption_1	wh3_dlc29_red_purple_chaos	1	1
wh3_dlc29_magic_red_elite_khorne_corruption_1	wh3_dlc29_red_purple_khorne	1	1
wh3_dlc29_magic_red_elite_nurgle_corruption_1	wh3_dlc29_red_purple_nurgle	1	1
wh3_dlc29_magic_red_elite_slaanesh_corruption_1	wh3_dlc29_red_purple_slaanesh	1	1
wh3_dlc29_magic_red_elite_tzeentch_corruption_1	wh3_dlc29_red_purple_tzeentch	1	1
wh3_dlc29_magic_red_enemy_verminlord_corruptor_1	wh3_dlc29_any_red_green_economic_region_0	1	1
wh3_dlc29_magic_red_enemy_verminlord_corruptor_1	wh3_dlc29_any_red_green_economic_region_1	1	1
wh3_dlc29_magic_red_enemy_verminlord_corruptor_1	wh3_dlc29_any_red_green_economic_region_2	1	1
wh3_dlc29_magic_red_enemy_verminlord_corruptor_1	wh3_dlc29_any_red_green_economic_region_3	1	1
wh3_dlc29_magic_red_enemy_verminlord_corruptor_1	wh3_dlc29_any_red_green_economic_region_4	1	1
wh3_dlc29_magic_red_enemy_verminlord_corruptor_1	wh3_dlc29_any_red_green_economic_region_gdp_based	1	1
wh3_dlc29_magic_red_enemy_verminlord_corruptor_1	wh3_dlc29_magic_draw_combo_piece_negative	1	1
wh3_dlc29_magic_red_enemy_verminlord_deceiver_1	wh3_dlc29_any_red_green_economic_region_0	1	1
wh3_dlc29_magic_red_enemy_verminlord_deceiver_1	wh3_dlc29_any_red_green_economic_region_1	1	1
wh3_dlc29_magic_red_enemy_verminlord_deceiver_1	wh3_dlc29_any_red_green_economic_region_2	1	1
wh3_dlc29_magic_red_enemy_verminlord_deceiver_1	wh3_dlc29_any_red_green_economic_region_3	1	1
wh3_dlc29_magic_red_enemy_verminlord_deceiver_1	wh3_dlc29_any_red_green_economic_region_4	1	1
wh3_dlc29_magic_red_enemy_verminlord_deceiver_1	wh3_dlc29_any_red_green_economic_region_gdp_based	1	1
wh3_dlc29_magic_red_enemy_verminlord_deceiver_1	wh3_dlc29_magic_draw_combo_piece_negative	1	1
wh3_dlc29_magic_red_enemy_verminlord_warbringer_1	wh3_dlc29_any_red_green_economic_region_0	1	1
wh3_dlc29_magic_red_enemy_verminlord_warbringer_1	wh3_dlc29_any_red_green_economic_region_1	1	1
wh3_dlc29_magic_red_enemy_verminlord_warbringer_1	wh3_dlc29_any_red_green_economic_region_2	1	1
wh3_dlc29_magic_red_enemy_verminlord_warbringer_1	wh3_dlc29_any_red_green_economic_region_3	1	1
wh3_dlc29_magic_red_enemy_verminlord_warbringer_1	wh3_dlc29_any_red_green_economic_region_4	1	1
wh3_dlc29_magic_red_enemy_verminlord_warbringer_1	wh3_dlc29_any_red_green_economic_region_gdp_based	1	1
wh3_dlc29_magic_red_enemy_verminlord_warbringer_1	wh3_dlc29_magic_draw_combo_piece_negative	1	1
wh3_dlc29_magic_red_enemy_verminlord_warpseer_1	wh3_dlc29_any_red_green_economic_region_0	1	1
wh3_dlc29_magic_red_enemy_verminlord_warpseer_1	wh3_dlc29_any_red_green_economic_region_1	1	1
wh3_dlc29_magic_red_enemy_verminlord_warpseer_1	wh3_dlc29_any_red_green_economic_region_2	1	1
wh3_dlc29_magic_red_enemy_verminlord_warpseer_1	wh3_dlc29_any_red_green_economic_region_3	1	1
wh3_dlc29_magic_red_enemy_verminlord_warpseer_1	wh3_dlc29_any_red_green_economic_region_4	1	1
wh3_dlc29_magic_red_enemy_verminlord_warpseer_1	wh3_dlc29_any_red_green_economic_region_gdp_based	1	1
wh3_dlc29_magic_red_enemy_verminlord_warpseer_1	wh3_dlc29_magic_draw_combo_piece_negative	1	1
wh3_dlc29_magic_red_eshin_alarm_1	wh3_dlc29_any_red_green_economic_region_0	1	1
wh3_dlc29_magic_red_eshin_alarm_1	wh3_dlc29_any_red_green_economic_region_1	1	1
wh3_dlc29_magic_red_eshin_alarm_1	wh3_dlc29_any_red_green_economic_region_2	1	1
wh3_dlc29_magic_red_eshin_alarm_1	wh3_dlc29_any_red_green_economic_region_3	1	1
wh3_dlc29_magic_red_eshin_alarm_1	wh3_dlc29_any_red_green_economic_region_4	1	1
wh3_dlc29_magic_red_khorne_corruption_1	wh3_dlc29_red_purple_khorne	1	1
wh3_dlc29_magic_red_moulder_alarm_1	wh3_dlc29_any_red_green_economic_region_0	1	1
wh3_dlc29_magic_red_moulder_alarm_1	wh3_dlc29_any_red_green_economic_region_1	1	1
wh3_dlc29_magic_red_moulder_alarm_1	wh3_dlc29_any_red_green_economic_region_2	1	1
wh3_dlc29_magic_red_moulder_alarm_1	wh3_dlc29_any_red_green_economic_region_3	1	1
wh3_dlc29_magic_red_moulder_alarm_1	wh3_dlc29_any_red_green_economic_region_4	1	1
wh3_dlc29_magic_red_nurgle_corruption_1	wh3_dlc29_red_purple_nurgle	1	1
wh3_dlc29_magic_red_rictus_alarm_1	wh3_dlc29_any_red_green_economic_region_0	1	1
wh3_dlc29_magic_red_rictus_alarm_1	wh3_dlc29_any_red_green_economic_region_1	1	1
wh3_dlc29_magic_red_rictus_alarm_1	wh3_dlc29_any_red_green_economic_region_2	1	1
wh3_dlc29_magic_red_rictus_alarm_1	wh3_dlc29_any_red_green_economic_region_3	1	1
wh3_dlc29_magic_red_rictus_alarm_1	wh3_dlc29_any_red_green_economic_region_4	1	1
wh3_dlc29_magic_red_skryre_alarm_1	wh3_dlc29_any_red_green_economic_region_0	1	1
wh3_dlc29_magic_red_skryre_alarm_1	wh3_dlc29_any_red_green_economic_region_1	1	1
wh3_dlc29_magic_red_skryre_alarm_1	wh3_dlc29_any_red_green_economic_region_2	1	1
wh3_dlc29_magic_red_skryre_alarm_1	wh3_dlc29_any_red_green_economic_region_3	1	1
wh3_dlc29_magic_red_skryre_alarm_1	wh3_dlc29_any_red_green_economic_region_4	1	1
wh3_dlc29_magic_red_slaanesh_corruption_1	wh3_dlc29_red_purple_slaanesh	1	1
wh3_dlc29_magic_red_tzeentch_corruption_1	wh3_dlc29_red_purple_tzeentch	1	1
wh3_dlc29_magic_res_activated_negative_daemon_khorne	wh3_dlc29_red_purple_khorne	1	1
wh3_dlc29_magic_res_activated_negative_daemon_nurgle	wh3_dlc29_red_purple_nurgle	1	1
wh3_dlc29_magic_res_activated_negative_daemon_slaanesh	wh3_dlc29_red_purple_slaanesh	1	1
wh3_dlc29_magic_res_activated_negative_daemon_tzeentch	wh3_dlc29_red_purple_tzeentch	1	1
wh3_dlc29_magic_summon_verminlord_corruptor_1	wh3_dlc29_magic_all_combo_pieces	1	1
wh3_dlc29_magic_summon_verminlord_corruptor_1	wh3_dlc29_magic_ritual_verminlord_combo_pieces	1	1
wh3_dlc29_magic_summon_verminlord_corruptor_2	wh3_dlc29_magic_all_combo_pieces	1	1
wh3_dlc29_magic_summon_verminlord_corruptor_2	wh3_dlc29_magic_ritual_verminlord_combo_pieces	1	1
wh3_dlc29_magic_summon_verminlord_corruptor_3	wh3_dlc29_magic_all_combo_pieces	1	1
wh3_dlc29_magic_summon_verminlord_corruptor_3	wh3_dlc29_magic_ritual_verminlord_combo_pieces	1	1
wh3_dlc29_magic_summon_verminlord_corruptor_4	wh3_dlc29_magic_all_combo_pieces	1	1
wh3_dlc29_magic_summon_verminlord_corruptor_4	wh3_dlc29_magic_ritual_verminlord_combo_pieces	1	1
wh3_dlc29_magic_summon_verminlord_corruptor_5	wh3_dlc29_magic_all_combo_pieces	1	1
wh3_dlc29_magic_summon_verminlord_corruptor_5	wh3_dlc29_magic_ritual_verminlord_combo_pieces	1	1
wh3_dlc29_magic_summon_verminlord_deceiver_1	wh3_dlc29_magic_all_combo_pieces	1	1
wh3_dlc29_magic_summon_verminlord_deceiver_1	wh3_dlc29_magic_ritual_verminlord_combo_pieces	1	1
wh3_dlc29_magic_summon_verminlord_deceiver_2	wh3_dlc29_magic_all_combo_pieces	1	1
wh3_dlc29_magic_summon_verminlord_deceiver_2	wh3_dlc29_magic_ritual_verminlord_combo_pieces	1	1
wh3_dlc29_magic_summon_verminlord_deceiver_3	wh3_dlc29_magic_all_combo_pieces	1	1
wh3_dlc29_magic_summon_verminlord_deceiver_3	wh3_dlc29_magic_ritual_verminlord_combo_pieces	1	1
wh3_dlc29_magic_summon_verminlord_deceiver_4	wh3_dlc29_magic_all_combo_pieces	1	1
wh3_dlc29_magic_summon_verminlord_deceiver_4	wh3_dlc29_magic_ritual_verminlord_combo_pieces	1	1
wh3_dlc29_magic_summon_verminlord_deceiver_5	wh3_dlc29_magic_all_combo_pieces	1	1
wh3_dlc29_magic_summon_verminlord_deceiver_5	wh3_dlc29_magic_ritual_verminlord_combo_pieces	1	1
wh3_dlc29_magic_summon_verminlord_piece_eshin_1	wh3_dlc29_magic_all_combo_pieces	1	1
wh3_dlc29_magic_summon_verminlord_piece_eshin_1	wh3_dlc29_magic_ritual_verminlord_combo_pieces	1	1
wh3_dlc29_magic_summon_verminlord_piece_eshin_1	wh3_dlc29_magic_ritual_verminlord_combo_pieces_base	1	1
wh3_dlc29_magic_summon_verminlord_piece_eshin_2	wh3_dlc29_magic_all_combo_pieces	1	1
wh3_dlc29_magic_summon_verminlord_piece_eshin_2	wh3_dlc29_magic_ritual_verminlord_combo_pieces	1	1
wh3_dlc29_magic_summon_verminlord_piece_eshin_3	wh3_dlc29_magic_all_combo_pieces	1	1
wh3_dlc29_magic_summon_verminlord_piece_eshin_3	wh3_dlc29_magic_ritual_verminlord_combo_pieces	1	1
wh3_dlc29_magic_summon_verminlord_piece_eshin_4	wh3_dlc29_magic_all_combo_pieces	1	1
wh3_dlc29_magic_summon_verminlord_piece_eshin_4	wh3_dlc29_magic_ritual_verminlord_combo_pieces	1	1
wh3_dlc29_magic_summon_verminlord_piece_eshin_5	wh3_dlc29_magic_all_combo_pieces	1	1
wh3_dlc29_magic_summon_verminlord_piece_eshin_5	wh3_dlc29_magic_ritual_verminlord_combo_pieces	1	1
wh3_dlc29_magic_summon_verminlord_piece_moulder_1	wh3_dlc29_magic_all_combo_pieces	1	1
wh3_dlc29_magic_summon_verminlord_piece_moulder_1	wh3_dlc29_magic_ritual_verminlord_combo_pieces	1	1
wh3_dlc29_magic_summon_verminlord_piece_moulder_1	wh3_dlc29_magic_ritual_verminlord_combo_pieces_base	1	1
wh3_dlc29_magic_summon_verminlord_piece_moulder_2	wh3_dlc29_magic_all_combo_pieces	1	1
wh3_dlc29_magic_summon_verminlord_piece_moulder_2	wh3_dlc29_magic_ritual_verminlord_combo_pieces	1	1
wh3_dlc29_magic_summon_verminlord_piece_moulder_3	wh3_dlc29_magic_all_combo_pieces	1	1
wh3_dlc29_magic_summon_verminlord_piece_moulder_3	wh3_dlc29_magic_ritual_verminlord_combo_pieces	1	1
wh3_dlc29_magic_summon_verminlord_piece_moulder_4	wh3_dlc29_magic_all_combo_pieces	1	1
wh3_dlc29_magic_summon_verminlord_piece_moulder_4	wh3_dlc29_magic_ritual_verminlord_combo_pieces	1	1
wh3_dlc29_magic_summon_verminlord_piece_moulder_5	wh3_dlc29_magic_all_combo_pieces	1	1
wh3_dlc29_magic_summon_verminlord_piece_moulder_5	wh3_dlc29_magic_ritual_verminlord_combo_pieces	1	1
wh3_dlc29_magic_summon_verminlord_piece_pestilens_1	wh3_dlc29_magic_all_combo_pieces	1	1
wh3_dlc29_magic_summon_verminlord_piece_pestilens_1	wh3_dlc29_magic_ritual_verminlord_combo_pieces	1	1
wh3_dlc29_magic_summon_verminlord_piece_pestilens_1	wh3_dlc29_magic_ritual_verminlord_combo_pieces_base	1	1
wh3_dlc29_magic_summon_verminlord_piece_pestilens_2	wh3_dlc29_magic_all_combo_pieces	1	1
wh3_dlc29_magic_summon_verminlord_piece_pestilens_2	wh3_dlc29_magic_ritual_verminlord_combo_pieces	1	1
wh3_dlc29_magic_summon_verminlord_piece_pestilens_3	wh3_dlc29_magic_all_combo_pieces	1	1
wh3_dlc29_magic_summon_verminlord_piece_pestilens_3	wh3_dlc29_magic_ritual_verminlord_combo_pieces	1	1
wh3_dlc29_magic_summon_verminlord_piece_pestilens_4	wh3_dlc29_magic_all_combo_pieces	1	1
wh3_dlc29_magic_summon_verminlord_piece_pestilens_4	wh3_dlc29_magic_ritual_verminlord_combo_pieces	1	1
wh3_dlc29_magic_summon_verminlord_piece_pestilens_5	wh3_dlc29_magic_all_combo_pieces	1	1
wh3_dlc29_magic_summon_verminlord_piece_pestilens_5	wh3_dlc29_magic_ritual_verminlord_combo_pieces	1	1
wh3_dlc29_magic_summon_verminlord_piece_skryre_1	wh3_dlc29_magic_all_combo_pieces	1	1
wh3_dlc29_magic_summon_verminlord_piece_skryre_1	wh3_dlc29_magic_ritual_verminlord_combo_pieces	1	1
wh3_dlc29_magic_summon_verminlord_piece_skryre_1	wh3_dlc29_magic_ritual_verminlord_combo_pieces_base	1	1
wh3_dlc29_magic_summon_verminlord_piece_skryre_2	wh3_dlc29_magic_all_combo_pieces	1	1
wh3_dlc29_magic_summon_verminlord_piece_skryre_2	wh3_dlc29_magic_ritual_verminlord_combo_pieces	1	1
wh3_dlc29_magic_summon_verminlord_piece_skryre_3	wh3_dlc29_magic_all_combo_pieces	1	1
wh3_dlc29_magic_summon_verminlord_piece_skryre_3	wh3_dlc29_magic_ritual_verminlord_combo_pieces	1	1
wh3_dlc29_magic_summon_verminlord_piece_skryre_4	wh3_dlc29_magic_all_combo_pieces	1	1
wh3_dlc29_magic_summon_verminlord_piece_skryre_4	wh3_dlc29_magic_ritual_verminlord_combo_pieces	1	1
wh3_dlc29_magic_summon_verminlord_piece_skryre_5	wh3_dlc29_magic_all_combo_pieces	1	1
wh3_dlc29_magic_summon_verminlord_piece_skryre_5	wh3_dlc29_magic_ritual_verminlord_combo_pieces	1	1
wh3_dlc29_magic_summon_verminlord_warbringer_1	wh3_dlc29_magic_all_combo_pieces	1	1
wh3_dlc29_magic_summon_verminlord_warbringer_1	wh3_dlc29_magic_ritual_verminlord_combo_pieces	1	1
wh3_dlc29_magic_summon_verminlord_warbringer_2	wh3_dlc29_magic_all_combo_pieces	1	1
wh3_dlc29_magic_summon_verminlord_warbringer_2	wh3_dlc29_magic_ritual_verminlord_combo_pieces	1	1
wh3_dlc29_magic_summon_verminlord_warbringer_3	wh3_dlc29_magic_all_combo_pieces	1	1
wh3_dlc29_magic_summon_verminlord_warbringer_3	wh3_dlc29_magic_ritual_verminlord_combo_pieces	1	1
wh3_dlc29_magic_summon_verminlord_warbringer_4	wh3_dlc29_magic_all_combo_pieces	1	1
wh3_dlc29_magic_summon_verminlord_warbringer_4	wh3_dlc29_magic_ritual_verminlord_combo_pieces	1	1
wh3_dlc29_magic_summon_verminlord_warbringer_5	wh3_dlc29_magic_all_combo_pieces	1	1
wh3_dlc29_magic_summon_verminlord_warbringer_5	wh3_dlc29_magic_ritual_verminlord_combo_pieces	1	1
wh3_dlc29_magic_summon_verminlord_warpseer_1	wh3_dlc29_magic_all_combo_pieces	1	1
wh3_dlc29_magic_summon_verminlord_warpseer_1	wh3_dlc29_magic_ritual_verminlord_combo_pieces	1	1
wh3_dlc29_magic_summon_verminlord_warpseer_2	wh3_dlc29_magic_all_combo_pieces	1	1
wh3_dlc29_magic_summon_verminlord_warpseer_2	wh3_dlc29_magic_ritual_verminlord_combo_pieces	1	1
wh3_dlc29_magic_summon_verminlord_warpseer_3	wh3_dlc29_magic_all_combo_pieces	1	1
wh3_dlc29_magic_summon_verminlord_warpseer_3	wh3_dlc29_magic_ritual_verminlord_combo_pieces	1	1
wh3_dlc29_magic_summon_verminlord_warpseer_4	wh3_dlc29_magic_all_combo_pieces	1	1
wh3_dlc29_magic_summon_verminlord_warpseer_4	wh3_dlc29_magic_ritual_verminlord_combo_pieces	1	1
wh3_dlc29_magic_summon_verminlord_warpseer_5	wh3_dlc29_magic_all_combo_pieces	1	1
wh3_dlc29_magic_summon_verminlord_warpseer_5	wh3_dlc29_magic_ritual_verminlord_combo_pieces	1	1
wh3_dlc29_magic_verminlord_rank_up	wh3_dlc29_magic_ritual_verminlord_filler_tokens	1	1
wh3_dlc29_military_action_skill_grey_seer_censer_bearers	wh3_dlc29_military_action_draw_assassin	1	1
wh3_dlc29_military_action_skill_grey_seer_draw_units_1	wh3_dlc29_skill_innate_skv_schemer_grey_seer_1	1	1
wh3_dlc29_military_action_skill_grey_seer_stormfiend	wh3_dlc29_military_action_draw_assassin	1	1
wh3_dlc29_military_action_skill_grey_seer_stormvermin_generated	wh3_dlc29_military_action_draw_assassin	1	1
wh3_dlc29_military_action_skill_spawn_cauldron_poxes_generated	wh3_dlc29_military_action_draw_assassin	1	1
wh3_dlc29_military_action_skill_spawn_death_globe_bombadiers_generated	wh3_dlc29_military_action_draw_assassin	1	1
wh3_dlc29_military_action_skill_spawn_hell_pit_abomination_generated	wh3_dlc29_military_action_draw_assassin	1	1
wh3_dlc29_military_action_skill_spawn_poisoned_wind_mortars_dlc_generated	wh3_dlc29_military_action_draw_assassin	1	1
wh3_dlc29_military_action_skill_spawn_stormvermin_rank_9_generated	wh3_dlc29_military_action_draw_assassin	1	1
wh3_dlc29_military_action_skill_spawn_warp_doom_magma_cannon_generated	wh3_dlc29_military_action_draw_assassin	1	1
wh3_dlc29_military_action_skill_spawn_warp_doom_magma_cannon_generated	wh3_dlc29_military_action_skill_grey_seer_draw_units_5	1	1
wh3_dlc29_military_green_assassin	wh3_dlc29_military_action_draw_assassin	1	1
wh3_dlc29_military_green_basic_infantry_1	wh3_dlc29_military_action_draw_assassin	1	1
wh3_dlc29_military_green_basic_infantry_1	wh3_dlc29_skv_starting_green_tokens_military_schemer_assassin	1	1
wh3_dlc29_military_green_basic_infantry_1	wh3_dlc29_skv_starting_green_tokens_military_schemer_grey_seer	1	1
wh3_dlc29_military_green_basic_infantry_1	wh3_dlc29_skv_starting_green_tokens_military_schemer_warlock	1	1
wh3_dlc29_military_green_basic_infantry_1	wh3_dlc29_skv_starting_green_tokens_military_schemer_warlord	1	1
wh3_dlc29_military_green_basic_infantry_2	wh3_dlc29_military_action_draw_assassin	1	1
wh3_dlc29_military_green_basic_infantry_2	wh3_dlc29_military_action_skill_grey_seer_draw_units_1	1	1
wh3_dlc29_military_green_basic_infantry_2	wh3_dlc29_military_action_skill_grey_seer_draw_units_2	1	1
wh3_dlc29_military_green_basic_infantry_2	wh3_dlc29_military_action_skill_grey_seer_draw_units_3	1	1
wh3_dlc29_military_green_basic_infantry_grey_seer_3_generated	wh3_dlc29_military_action_draw_assassin	1	1
wh3_dlc29_military_green_basic_infantry_grey_seer_3	wh3_dlc29_military_action_draw_assassin	1	1
wh3_dlc29_military_green_basic_infantry_spears_1	wh3_dlc29_military_action_draw_assassin	1	1
wh3_dlc29_military_green_basic_infantry_spears_2	wh3_dlc29_military_action_draw_assassin	1	1
wh3_dlc29_military_green_basic_missile_infantry_1	wh3_dlc29_military_action_draw_assassin	1	1
wh3_dlc29_military_green_basic_missile_infantry_1	wh3_dlc29_military_action_skill_grey_seer_draw_units_1	1	1
wh3_dlc29_military_green_basic_missile_infantry_1	wh3_dlc29_military_green_basic	4	1
wh3_dlc29_military_green_basic_missile_infantry_1	wh3_dlc29_skv_starting_green_tokens_military_schemer_assassin	8	1
wh3_dlc29_military_green_basic_missile_infantry_1	wh3_dlc29_skv_starting_green_tokens_military_schemer_grey_seer	4	1
wh3_dlc29_military_green_basic_missile_infantry_1	wh3_dlc29_skv_starting_green_tokens_military_schemer_warlock	4	1
wh3_dlc29_military_green_basic_missile_infantry_1	wh3_dlc29_skv_starting_green_tokens_military_schemer_warlord	5	1
wh3_dlc29_military_green_basic_missile_infantry_slingers_1	wh3_dlc29_military_action_draw_assassin	1	1
wh3_dlc29_military_green_basic_monsters_1	wh3_dlc29_military_action_draw_assassin	1	1
wh3_dlc29_military_green_basic_monsters_1	wh3_dlc29_military_action_skill_grey_seer_draw_units_1	1	1
wh3_dlc29_military_green_basic_monsters_1	wh3_dlc29_military_action_skill_grey_seer_draw_units_2	1	1
wh3_dlc29_military_green_basic_monsters_1	wh3_dlc29_military_action_skill_grey_seer_draw_units_3	1	1
wh3_dlc29_military_green_basic_monsters_1	wh3_dlc29_military_action_skill_grey_seer_draw_units_4	1	1
wh3_dlc29_military_green_basic_monsters_1	wh3_dlc29_military_action_skill_grey_seer_draw_units_5	1	1
wh3_dlc29_military_green_basic_monsters_1	wh3_dlc29_military_green_basic	4	1
wh3_dlc29_military_green_basic_monsters_1	wh3_dlc29_skv_starting_green_tokens_military_schemer_assassin	1	1
wh3_dlc29_military_green_basic_monsters_1	wh3_dlc29_skv_starting_green_tokens_military_schemer_grey_seer	4	1
wh3_dlc29_military_green_basic_monsters_1	wh3_dlc29_skv_starting_green_tokens_military_schemer_warlock	6	1
wh3_dlc29_military_green_basic_monsters_1	wh3_dlc29_skv_starting_green_tokens_military_schemer_warlord	5	1
wh3_dlc29_military_green_basic_pusbags_1	wh3_dlc29_military_action_draw_assassin	1	1
wh3_dlc29_military_green_basic_pusbags_1	wh3_dlc29_skv_cauldron_action_draw	1	1
wh3_dlc29_military_green_basic_pusbags_2	wh3_dlc29_military_action_draw_assassin	1	1
wh3_dlc29_military_green_basic_skavenslaves_lower_chance	wh3_dlc29_military_action_draw_assassin	1	1
wh3_dlc29_military_green_basic_skavenslaves	wh3_dlc29_military_action_draw_assassin	1	1
wh3_dlc29_military_green_basic_skavenslaves	wh3_dlc29_skv_starting_green_tokens_military_schemer_assassin	2	1
wh3_dlc29_military_green_basic_skavenslaves	wh3_dlc29_skv_starting_green_tokens_military_schemer_grey_seer	3	1
wh3_dlc29_military_green_basic_skavenslaves	wh3_dlc29_skv_starting_green_tokens_military_schemer_warlock	2	1
wh3_dlc29_military_green_basic_skavenslaves	wh3_dlc29_skv_starting_green_tokens_military_schemer_warlord	1	1
wh3_dlc29_military_green_brood_horror_dlc_1	wh3_dlc29_military_action_draw_assassin	1	1
wh3_dlc29_military_green_brood_horror_dlc_2	wh3_dlc29_military_action_draw_assassin	1	1
wh3_dlc29_military_green_chieftain_0	wh3_dlc29_military_action_draw_assassin	1	1
wh3_dlc29_military_green_chieftain_2	wh3_dlc29_military_action_draw_assassin	1	1
wh3_dlc29_military_green_death_globe_bombadiers_1	wh3_dlc29_military_action_draw_assassin	1	1
wh3_dlc29_military_green_death_globe_bombadiers_1	wh3_dlc29_military_green_death_globe_bombadiers_1	1	1
wh3_dlc29_military_green_death_globe_bombadiers_2	wh3_dlc29_military_action_draw_assassin	1	1
wh3_dlc29_military_green_death_runners_1	wh3_dlc29_military_action_draw_assassin	1	1
wh3_dlc29_military_green_death_runners_2	wh3_dlc29_military_action_draw_assassin	1	1
wh3_dlc29_military_green_death_runners_3	wh3_dlc29_military_action_draw_assassin	1	1
wh3_dlc29_military_green_doom_flayer_dlc_1	wh3_dlc29_military_action_draw_assassin	1	1
wh3_dlc29_military_green_doom_flayer_dlc_1	wh3_dlc29_military_green_doom_flayer_dlc_1	1	1
wh3_dlc29_military_green_doom_flayer_dlc_2	wh3_dlc29_military_action_draw_assassin	1	1
wh3_dlc29_military_green_doomwheel_1	wh3_dlc29_military_action_draw_assassin	1	1
wh3_dlc29_military_green_doomwheel_1	wh3_dlc29_military_green_doomwheel_1	1	1
wh3_dlc29_military_green_doomwheel_2	wh3_dlc29_military_action_draw_assassin	1	1
wh3_dlc29_military_green_eshin_sorcerer	wh3_dlc29_military_action_draw_assassin	1	1
wh3_dlc29_military_green_eshin_triads_dlc_1	wh3_dlc29_military_action_draw_assassin	1	1
wh3_dlc29_military_green_gutter_runners_1_double	wh3_dlc29_military_action_draw_assassin	1	1
wh3_dlc29_military_green_gutter_runners_1_poison	wh3_dlc29_military_action_draw_assassin	1	1
wh3_dlc29_military_green_gutter_runners_1	wh3_dlc29_military_action_draw_assassin	1	1
wh3_dlc29_military_green_gutter_runners_1	wh3_dlc29_military_action_skill_grey_seer_draw_units_2	1	1
wh3_dlc29_military_green_gutter_runners_1	wh3_dlc29_military_action_skill_grey_seer_draw_units_3	1	1
wh3_dlc29_military_green_gutter_runners_1	wh3_dlc29_military_action_skill_grey_seer_draw_units_4	1	1
wh3_dlc29_military_green_gutter_runners_1	wh3_dlc29_military_action_skill_grey_seer_draw_units_5	1	1
wh3_dlc29_military_green_gutter_runners_1	wh3_dlc29_military_green_gutter_runners_1	1	1
wh3_dlc29_military_green_gutter_runners_slingers_1_poison	wh3_dlc29_military_action_draw_assassin	1	1
wh3_dlc29_military_green_gutter_runners_slingers_1	wh3_dlc29_military_action_draw_assassin	1	1
wh3_dlc29_military_green_hell_pit_abomination	wh3_dlc29_military_green_hell_pit_abomination	1	1
wh3_dlc29_military_green_moulder_stormfiends_doomflayer_1	wh3_dlc29_military_action_draw_assassin	1	1
wh3_dlc29_military_green_moulder_stormfiends_doomflayer_2	wh3_dlc29_military_action_draw_assassin	1	1
wh3_dlc29_military_green_moulder_stormfiends_grinder_1	wh3_dlc29_military_action_draw_assassin	1	1
wh3_dlc29_military_green_moulder_stormfiends_grinder_2	wh3_dlc29_military_action_draw_assassin	1	1
wh3_dlc29_military_green_moulder_stormfiends_shock_1	wh3_dlc29_military_action_draw_assassin	1	1
wh3_dlc29_military_green_moulder_stormfiends_shock_2	wh3_dlc29_military_action_draw_assassin	1	1
wh3_dlc29_military_green_moulder_wolf_rats_dlc_1	wh3_dlc29_military_action_draw_assassin	1	1
wh3_dlc29_military_green_moulder_wolf_rats_dlc_2	wh3_dlc29_military_action_draw_assassin	1	1
wh3_dlc29_military_green_mutant_rat_ogre_dlc_1	wh3_dlc29_military_action_draw_assassin	1	1
wh3_dlc29_military_green_mutant_rat_ogre_dlc_2	wh3_dlc29_military_action_draw_assassin	1	1
wh3_dlc29_military_green_packmaster_0	wh3_dlc29_military_action_draw_assassin	1	1
wh3_dlc29_military_green_packmaster_2	wh3_dlc29_military_action_draw_assassin	1	1
wh3_dlc29_military_green_plague_censer_bearers	wh3_dlc29_military_action_draw_assassin	1	1
wh3_dlc29_military_green_plague_censer_bearers	wh3_dlc29_military_action_skill_grey_seer_draw_units_5	1	1
wh3_dlc29_military_green_plague_monks_1	wh3_dlc29_military_action_draw_assassin	1	1
wh3_dlc29_military_green_plague_monks_1	wh3_dlc29_military_action_skill_grey_seer_draw_units_2	1	1
wh3_dlc29_military_green_plague_monks_1	wh3_dlc29_military_action_skill_grey_seer_draw_units_3	1	1
wh3_dlc29_military_green_plague_monks_1	wh3_dlc29_military_action_skill_grey_seer_draw_units_4	1	1
wh3_dlc29_military_green_plague_monks_1	wh3_dlc29_skv_cauldron_action_draw	1	1
wh3_dlc29_military_green_plague_monks_2	wh3_dlc29_military_action_draw_assassin	1	1
wh3_dlc29_military_green_plague_priest_0	wh3_dlc29_military_action_draw_assassin	1	1
wh3_dlc29_military_green_plague_priest_1	wh3_dlc29_military_action_draw_assassin	1	1
wh3_dlc29_military_green_plague_priest_2	wh3_dlc29_military_action_draw_assassin	1	1
wh3_dlc29_military_green_plagueclaw_catapult_1	wh3_dlc29_military_action_draw_assassin	1	1
wh3_dlc29_military_green_plagueclaw_catapult_1	wh3_dlc29_military_action_skill_grey_seer_draw_units_3	1	1
wh3_dlc29_military_green_plagueclaw_catapult_1	wh3_dlc29_military_action_skill_grey_seer_draw_units_4	1	1
wh3_dlc29_military_green_plagueclaw_catapult_1	wh3_dlc29_military_action_skill_grey_seer_draw_units_5	1	1
wh3_dlc29_military_green_plagueclaw_catapult_1	wh3_dlc29_military_green_basic	4	1
wh3_dlc29_military_green_plagueclaw_catapult_1	wh3_dlc29_skv_cauldron_action_draw	1	1
wh3_dlc29_military_green_plagueclaw_catapult_2	wh3_dlc29_military_action_draw_assassin	1	1
wh3_dlc29_military_green_plagueclaw_catapult_3	wh3_dlc29_military_action_draw_assassin	1	1
wh3_dlc29_military_green_poison_wind_globadiers_1	wh3_dlc29_military_action_draw_assassin	1	1
wh3_dlc29_military_green_poison_wind_globadiers_1	wh3_dlc29_military_green_poison_wind_globadiers_1	1	1
wh3_dlc29_military_green_poison_wind_globadiers_2	wh3_dlc29_military_action_draw_assassin	1	1
wh3_dlc29_military_green_poison_wind_mortars_1	wh3_dlc29_military_action_draw_assassin	1	1
wh3_dlc29_military_green_poison_wind_mortars_1	wh3_dlc29_military_green_poison_wind_mortars_1	1	1
wh3_dlc29_military_green_poison_wind_mortars_2	wh3_dlc29_military_action_draw_assassin	1	1
wh3_dlc29_military_green_rictus_stormvermin_1	wh3_dlc29_military_action_draw_assassin	1	1
wh3_dlc29_military_green_rictus_stormvermin_1	wh3_dlc29_military_action_skill_grey_seer_draw_units_4	1	1
wh3_dlc29_military_green_rictus_stormvermin_1	wh3_dlc29_military_action_skill_grey_seer_draw_units_5	1	1
wh3_dlc29_military_green_rictus_stormvermin_2	wh3_dlc29_military_action_draw_assassin	1	1
wh3_dlc29_military_green_rictus_stormvermin_grey_seer_1	wh3_dlc29_military_action_draw_assassin	1	1
wh3_dlc29_military_green_rictus_stormvermin_halberds_1	wh3_dlc29_military_action_draw_assassin	1	1
wh3_dlc29_military_green_rictus_stormvermin_halberds_2	wh3_dlc29_military_action_draw_assassin	1	1
wh3_dlc29_military_green_rictus_stormvermin_halberds_rank_9	wh3_dlc29_military_action_draw_assassin	1	1
wh3_dlc29_military_green_skryre_ratling_guns_dlc_1	wh3_dlc29_military_action_draw_assassin	1	1
wh3_dlc29_military_green_skryre_ratling_guns_dlc_1	wh3_dlc29_military_green_skryre_ratling_guns_dlc_1	1	1
wh3_dlc29_military_green_skryre_ratling_guns_dlc_2	wh3_dlc29_military_action_draw_assassin	1	1
wh3_dlc29_military_green_skryre_stormfiends_ratling_1	wh3_dlc29_military_action_draw_assassin	1	1
wh3_dlc29_military_green_skryre_stormfiends_ratling_1	wh3_dlc29_military_green_skryre_stormfiends_ratling_1	1	1
wh3_dlc29_military_green_skryre_stormfiends_ratling_2	wh3_dlc29_military_action_draw_assassin	1	1
wh3_dlc29_military_green_skryre_stormfiends_warpfire_1	wh3_dlc29_military_action_draw_assassin	1	1
wh3_dlc29_military_green_skryre_stormfiends_warpfire_1	wh3_dlc29_military_green_skryre_stormfiends_warpfire_1	1	1
wh3_dlc29_military_green_skryre_stormfiends_warpfire_2	wh3_dlc29_military_action_draw_assassin	1	1
wh3_dlc29_military_green_skryre_stormfiends_windlauncher_1	wh3_dlc29_military_action_draw_assassin	1	1
wh3_dlc29_military_green_skryre_stormfiends_windlauncher_1	wh3_dlc29_military_green_skryre_stormfiends_windlauncher_1	1	1
wh3_dlc29_military_green_skryre_stormfiends_windlauncher_2	wh3_dlc29_military_action_draw_assassin	1	1
wh3_dlc29_military_green_skryre_warpfire_throwers_1	wh3_dlc29_military_action_draw_assassin	1	1
wh3_dlc29_military_green_skryre_warpfire_throwers_1	wh3_dlc29_military_green_skryre_warpfire_throwers_1	1	1
wh3_dlc29_military_green_skryre_warpfire_throwers_2	wh3_dlc29_military_action_draw_assassin	1	1
wh3_dlc29_military_green_stormvermin_rank_9	wh3_dlc29_military_action_draw_assassin	1	1
wh3_dlc29_military_green_warlock_engineer	wh3_dlc29_military_action_draw_assassin	1	1
wh3_dlc29_military_green_warp_grinders_dlc_1	wh3_dlc29_military_action_draw_assassin	1	1
wh3_dlc29_military_green_warp_lightning_cannon_1	wh3_dlc29_military_action_draw_assassin	1	1
wh3_dlc29_military_green_warp_lightning_cannon_1	wh3_dlc29_military_action_skill_grey_seer_draw_units_4	1	1
wh3_dlc29_military_green_warp_lightning_cannon_1	wh3_dlc29_military_action_skill_grey_seer_draw_units_5	1	1
wh3_dlc29_military_green_warp_lightning_cannon_1	wh3_dlc29_military_green_warp_lightning_cannon_1	1	1
wh3_dlc29_military_green_warp_lightning_cannon_2	wh3_dlc29_military_action_draw_assassin	1	1
wh3_dlc29_military_green_warp_lightning_cannon_3	wh3_dlc29_military_action_draw_assassin	1	1
wh3_dlc29_military_green_warp_lightning_cannon_unique	wh3_dlc29_chaotic_plans_schemer_military_1	1	1
wh3_dlc29_military_green_warp_lightning_cannon_unique	wh3_dlc29_military_action_draw_assassin	1	1
wh3_dlc29_military_green_warp_lightning_cannon_warlock_1	wh3_dlc29_military_action_draw_assassin	1	1
wh3_dlc29_military_green_warp_lightning_cannon_warlock_2	wh3_dlc29_military_action_draw_assassin	1	1
wh3_dlc29_military_green_warplock_jezzails_dlc_1	wh3_dlc29_military_action_draw_assassin	1	1
wh3_dlc29_military_green_warplock_jezzails_dlc_1	wh3_dlc29_military_green_warplock_jezzails_dlc_1	1	1
wh3_dlc29_military_green_warplock_jezzails_dlc_2	wh3_dlc29_military_action_draw_assassin	1	1
wh3_dlc29_military_purple_bounty_chieftain_0	wh3_dlc29_any_red_green_economic_region_0	1	1
wh3_dlc29_military_purple_bounty_chieftain_0	wh3_dlc29_any_red_green_economic_region_1	1	1
wh3_dlc29_military_purple_bounty_chieftain_0	wh3_dlc29_any_red_green_economic_region_2	1	1
wh3_dlc29_military_purple_bounty_chieftain_0	wh3_dlc29_any_red_green_economic_region_3	1	1
wh3_dlc29_military_purple_bounty_chieftain_0	wh3_dlc29_any_red_green_economic_region_4	1	1
wh3_dlc29_military_purple_bounty_chieftain_0	wh3_dlc29_any_red_green_economic_region_gdp_based	1	1
wh3_dlc29_military_purple_bounty_chieftain_0	wh3_dlc29_draw_bounty	1	1
wh3_dlc29_military_purple_bounty_chieftain_1	wh3_dlc29_any_red_green_economic_region_0	1	1
wh3_dlc29_military_purple_bounty_chieftain_1	wh3_dlc29_any_red_green_economic_region_1	1	1
wh3_dlc29_military_purple_bounty_chieftain_1	wh3_dlc29_any_red_green_economic_region_2	1	1
wh3_dlc29_military_purple_bounty_chieftain_1	wh3_dlc29_any_red_green_economic_region_3	1	1
wh3_dlc29_military_purple_bounty_chieftain_1	wh3_dlc29_any_red_green_economic_region_4	1	1
wh3_dlc29_military_purple_bounty_chieftain_1	wh3_dlc29_any_red_green_economic_region_gdp_based	1	1
wh3_dlc29_military_purple_bounty_chieftain_1	wh3_dlc29_draw_bounty	1	1
wh3_dlc29_military_purple_bounty_packmaster_0	wh3_dlc29_any_red_green_economic_region_0	1	1
wh3_dlc29_military_purple_bounty_packmaster_0	wh3_dlc29_any_red_green_economic_region_1	1	1
wh3_dlc29_military_purple_bounty_packmaster_0	wh3_dlc29_any_red_green_economic_region_2	1	1
wh3_dlc29_military_purple_bounty_packmaster_0	wh3_dlc29_any_red_green_economic_region_3	1	1
wh3_dlc29_military_purple_bounty_packmaster_0	wh3_dlc29_any_red_green_economic_region_4	1	1
wh3_dlc29_military_purple_bounty_packmaster_0	wh3_dlc29_any_red_green_economic_region_gdp_based	1	1
wh3_dlc29_military_purple_bounty_packmaster_0	wh3_dlc29_draw_bounty	1	1
wh3_dlc29_military_purple_bounty_packmaster_2	wh3_dlc29_any_red_green_economic_region_0	1	1
wh3_dlc29_military_purple_bounty_packmaster_2	wh3_dlc29_any_red_green_economic_region_1	1	1
wh3_dlc29_military_purple_bounty_packmaster_2	wh3_dlc29_any_red_green_economic_region_2	1	1
wh3_dlc29_military_purple_bounty_packmaster_2	wh3_dlc29_any_red_green_economic_region_3	1	1
wh3_dlc29_military_purple_bounty_packmaster_2	wh3_dlc29_any_red_green_economic_region_4	1	1
wh3_dlc29_military_purple_bounty_packmaster_2	wh3_dlc29_any_red_green_economic_region_gdp_based	1	1
wh3_dlc29_military_purple_bounty_packmaster_2	wh3_dlc29_draw_bounty	1	1
wh3_dlc29_military_purple_bounty_plague_priest_0	wh3_dlc29_any_red_green_economic_region_0	1	1
wh3_dlc29_military_purple_bounty_plague_priest_0	wh3_dlc29_any_red_green_economic_region_1	1	1
wh3_dlc29_military_purple_bounty_plague_priest_0	wh3_dlc29_any_red_green_economic_region_2	1	1
wh3_dlc29_military_purple_bounty_plague_priest_0	wh3_dlc29_any_red_green_economic_region_3	1	1
wh3_dlc29_military_purple_bounty_plague_priest_0	wh3_dlc29_any_red_green_economic_region_4	1	1
wh3_dlc29_military_purple_bounty_plague_priest_0	wh3_dlc29_any_red_green_economic_region_gdp_based	1	1
wh3_dlc29_military_purple_bounty_plague_priest_0	wh3_dlc29_draw_bounty	1	1
wh3_dlc29_military_purple_bounty_plague_priest_2	wh3_dlc29_any_red_green_economic_region_0	1	1
wh3_dlc29_military_purple_bounty_plague_priest_2	wh3_dlc29_any_red_green_economic_region_1	1	1
wh3_dlc29_military_purple_bounty_plague_priest_2	wh3_dlc29_any_red_green_economic_region_2	1	1
wh3_dlc29_military_purple_bounty_plague_priest_2	wh3_dlc29_any_red_green_economic_region_3	1	1
wh3_dlc29_military_purple_bounty_plague_priest_2	wh3_dlc29_any_red_green_economic_region_4	1	1
wh3_dlc29_military_purple_bounty_plague_priest_2	wh3_dlc29_any_red_green_economic_region_gdp_based	1	1
wh3_dlc29_military_purple_bounty_plague_priest_2	wh3_dlc29_draw_bounty	1	1
wh3_dlc29_military_purple_bounty_warlock_engineer	wh3_dlc29_any_red_green_economic_region_0	1	1
wh3_dlc29_military_purple_bounty_warlock_engineer	wh3_dlc29_any_red_green_economic_region_1	1	1
wh3_dlc29_military_purple_bounty_warlock_engineer	wh3_dlc29_any_red_green_economic_region_2	1	1
wh3_dlc29_military_purple_bounty_warlock_engineer	wh3_dlc29_any_red_green_economic_region_3	1	1
wh3_dlc29_military_purple_bounty_warlock_engineer	wh3_dlc29_any_red_green_economic_region_4	1	1
wh3_dlc29_military_purple_bounty_warlock_engineer	wh3_dlc29_any_red_green_economic_region_gdp_based	1	1
wh3_dlc29_military_purple_bounty_warlock_engineer	wh3_dlc29_draw_bounty	1	1
wh3_dlc29_military_red_explosion_guard_1	wh3_dlc29_any_red_green_economic_region_0	1	1
wh3_dlc29_military_red_explosion_guard_1	wh3_dlc29_any_red_green_economic_region_1	1	1
wh3_dlc29_military_red_explosion_guard_1	wh3_dlc29_any_red_green_economic_region_2	1	1
wh3_dlc29_military_red_explosion_guard_1	wh3_dlc29_any_red_green_economic_region_3	1	1
wh3_dlc29_military_red_explosion_guard_1	wh3_dlc29_any_red_green_economic_region_4	1	1
wh3_dlc29_military_red_explosion_guard_1	wh3_dlc29_any_red_green_economic_region_gdp_based	1	1
wh3_dlc29_military_red_plague_guard_1	wh3_dlc29_any_red_green_economic_region_0	1	1
wh3_dlc29_military_red_plague_guard_1	wh3_dlc29_any_red_green_economic_region_1	1	1
wh3_dlc29_military_red_plague_guard_1	wh3_dlc29_any_red_green_economic_region_2	1	1
wh3_dlc29_military_red_plague_guard_1	wh3_dlc29_any_red_green_economic_region_3	1	1
wh3_dlc29_military_red_plague_guard_1	wh3_dlc29_any_red_green_economic_region_4	1	1
wh3_dlc29_military_red_plague_guard_1	wh3_dlc29_any_red_green_economic_region_gdp_based	1	1
wh3_dlc29_purple_any_chaos_experience	wh3_dlc29_red_purple_chaos	5	1
wh3_dlc29_purple_any_chaos_experience	wh3_dlc29_red_purple_khorne	5	1
wh3_dlc29_purple_any_chaos_experience	wh3_dlc29_red_purple_nurgle	5	1
wh3_dlc29_purple_any_chaos_experience	wh3_dlc29_red_purple_slaanesh	5	1
wh3_dlc29_purple_any_chaos_experience	wh3_dlc29_red_purple_tzeentch	5	1
wh3_dlc29_purple_any_empire_skaven_not_real	wh3_dlc29_red_purple_empire	12	1
wh3_dlc29_purple_any_reduce_guards	wh3_dlc29_any_red_green_economic_region_gdp_based	1	1
wh3_dlc29_purple_any_skaven_blackmail	wh3_dlc29_any_red_green_economic_region_0	3	1
wh3_dlc29_purple_any_skaven_blackmail	wh3_dlc29_any_red_green_economic_region_1	1	1
wh3_dlc29_purple_any_skaven_blackmail	wh3_dlc29_any_red_green_economic_region_2	1	1
wh3_dlc29_purple_any_skaven_blackmail	wh3_dlc29_any_red_green_economic_region_3	1	1
wh3_dlc29_purple_any_skaven_blackmail	wh3_dlc29_any_red_green_economic_region_4	1	1
wh3_dlc29_purple_any_skaven_blackmail	wh3_dlc29_skv_hidden_chaotic_draw_1	1	1
wh3_dlc29_purple_dwarfs_any_dwarf_brew_use_generated_1	wh3_dlc29_dwarf_brew	1	1
wh3_dlc29_purple_dwarfs_any_dwarf_brew_use_generated_2	wh3_dlc29_dwarf_brew	1	1
wh3_dlc29_purple_dwarfs_any_dwarf_brew	wh3_dlc29_red_purple_dwarfs	6	1
wh3_dlc29_purple_economic_bretonnia_food	wh3_dlc29_red_purple_bretonnia	5	1
wh3_dlc29_purple_economic_bretonnia_treasury	wh3_dlc29_red_purple_bretonnia	5	1
wh3_dlc29_purple_economic_cathay_warpstone	wh3_dlc29_red_purple_cathay	4	1
wh3_dlc29_purple_economic_chaos_dwarfs_treasury	wh3_dlc29_red_purple_chaos_dwarfs	5	1
wh3_dlc29_purple_economic_chaos_warpstone	wh3_dlc29_red_purple_chaos	4	1
wh3_dlc29_purple_economic_chaos_warpstone	wh3_dlc29_red_purple_nurgle	4	1
wh3_dlc29_purple_economic_chaos_warpstone	wh3_dlc29_red_purple_slaanesh	4	1
wh3_dlc29_purple_economic_chaos_warpstone	wh3_dlc29_red_purple_tzeentch	4	1
wh3_dlc29_purple_economic_dangerous_treasury	wh3_dlc29_any_red_green_economic_region_gdp_based	1	1
wh3_dlc29_purple_economic_dangerous_warpstone	wh3_dlc29_any_red_green_economic_region_gdp_based	1	1
wh3_dlc29_purple_economic_greenskins_food	wh3_dlc29_red_purple_greenskins	3	1
wh3_dlc29_purple_economic_ogre_kingdoms_food	wh3_dlc29_red_purple_ogre_kingdoms	1	1
wh3_dlc29_purple_economic_ogre_kingdoms_treasury	wh3_dlc29_red_purple_ogre_kingdoms	1	1
wh3_dlc29_purple_economic_undead_warpstone	wh3_dlc29_red_purple_tomb_kings	4	1
wh3_dlc29_purple_economic_undead_warpstone	wh3_dlc29_red_purple_undead_legions	4	1
wh3_dlc29_purple_economic_vault_1	wh3_dlc29_any_red_green_economic_region_0	1	1
wh3_dlc29_purple_economic_vault_1	wh3_dlc29_any_red_green_economic_region_1	1	1
wh3_dlc29_purple_economic_vault_1	wh3_dlc29_any_red_green_economic_region_2	1	1
wh3_dlc29_purple_economic_vault_1	wh3_dlc29_any_red_green_economic_region_3	1	1
wh3_dlc29_purple_economic_vault_1	wh3_dlc29_any_red_green_economic_region_4	1	1
wh3_dlc29_purple_economic_vault_1	wh3_dlc29_any_red_green_economic_region_gdp_based	1	1
wh3_dlc29_purple_economic_vault_1	wh3_dlc29_purple_economic_vault_1	1	1
wh3_dlc29_purple_economy_vampire_food_big	wh3_dlc29_red_purple_vampire_coast	4	1
wh3_dlc29_purple_economy_vampire_food_small	wh3_dlc29_red_purple_vampire_counts	4	1
wh3_dlc29_purple_lucky_draw	wh3_dlc29_any_red_green_economic_region_gdp_based	1	1
wh3_dlc29_purple_lucky_draw	wh3_dlc29_skv_hidden_chaotic_draw_1	1	1
wh3_dlc29_purple_magic_draw_combo_piece	wh3_dlc29_any_red_green_economic_region_0	1	1
wh3_dlc29_purple_magic_draw_combo_piece	wh3_dlc29_any_red_green_economic_region_1	1	1
wh3_dlc29_purple_magic_draw_combo_piece	wh3_dlc29_any_red_green_economic_region_2	1	1
wh3_dlc29_purple_magic_draw_combo_piece	wh3_dlc29_any_red_green_economic_region_3	1	1
wh3_dlc29_purple_magic_draw_combo_piece	wh3_dlc29_any_red_green_economic_region_4	1	1
wh3_dlc29_purple_magic_draw_combo_piece	wh3_dlc29_any_red_green_economic_region_gdp_based	1	1
wh3_dlc29_purple_magic_draw_combo_piece	wh3_dlc29_red_purple_dark_elves	4	1
wh3_dlc29_purple_magic_draw_combo_piece	wh3_dlc29_red_purple_high_elves	4	1
wh3_dlc29_purple_magic_draw_combo_piece	wh3_dlc29_red_purple_tzeentch	4	1
wh3_dlc29_purple_magic_draw_combo_piece	wh3_dlc29_red_purple_wood_elves	4	1
wh3_dlc29_purple_magic_tzeentch_draw_tokens	wh3_dlc29_red_purple_tzeentch	4	1
wh3_dlc29_purple_military_lab_1	wh3_dlc29_any_red_green_economic_region_0	1	1
wh3_dlc29_purple_military_lab_1	wh3_dlc29_any_red_green_economic_region_1	1	1
wh3_dlc29_purple_military_lab_1	wh3_dlc29_any_red_green_economic_region_2	1	1
wh3_dlc29_purple_military_lab_1	wh3_dlc29_any_red_green_economic_region_3	1	1
wh3_dlc29_purple_military_lab_1	wh3_dlc29_any_red_green_economic_region_4	1	1
wh3_dlc29_purple_military_lab_1	wh3_dlc29_any_red_green_economic_region_gdp_based	1	1
wh3_dlc29_purple_military_mercenaries_1	wh3_dlc29_any_red_green_economic_region_0	1	1
wh3_dlc29_purple_military_mercenaries_1	wh3_dlc29_any_red_green_economic_region_1	1	1
wh3_dlc29_purple_military_mercenaries_1	wh3_dlc29_any_red_green_economic_region_2	1	1
wh3_dlc29_purple_military_mercenaries_1	wh3_dlc29_any_red_green_economic_region_3	1	1
wh3_dlc29_purple_military_mercenaries_1	wh3_dlc29_any_red_green_economic_region_4	1	1
wh3_dlc29_purple_military_mercenaries_1	wh3_dlc29_any_red_green_economic_region_gdp_based	1	1
wh3_dlc29_purple_military_multiple_cultures_stormvermin	wh3_dlc29_red_purple_chaos_dwarfs	3	1
wh3_dlc29_purple_military_multiple_cultures_stormvermin	wh3_dlc29_red_purple_greenskins	3	1
wh3_dlc29_purple_military_multiple_cultures_stormvermin	wh3_dlc29_red_purple_norsca	3	1
wh3_dlc29_purple_military_ogre_kingdoms_mercenaries_reward_1	wh3_dlc29_purple_military_ogre_kingdoms_mercenaries_reward	1	1
wh3_dlc29_purple_military_ogre_kingdoms_mercenaries_reward_2	wh3_dlc29_purple_military_ogre_kingdoms_mercenaries_reward	1	1
wh3_dlc29_purple_military_ogre_kingdoms_mercenaries_reward_3	wh3_dlc29_purple_military_ogre_kingdoms_mercenaries_reward	1	1
wh3_dlc29_purple_military_ogre_kingdoms_mercenaries_reward_4	wh3_dlc29_purple_military_ogre_kingdoms_mercenaries_reward	1	1
wh3_dlc29_purple_military_ogre_kingdoms_mercenaries_reward_5	wh3_dlc29_purple_military_ogre_kingdoms_mercenaries_reward	1	1
wh3_dlc29_purple_military_ogre_kingdoms_mercenaries	wh3_dlc29_red_purple_ogre_kingdoms	4	1
wh3_dlc29_purple_military_ogre_kingdoms_rat_ogres	wh3_dlc29_red_purple_ogre_kingdoms	5	1
wh3_dlc29_purple_military_reinforcements	wh3_dlc29_any_red_green_economic_region_gdp_based	1	1
wh3_dlc29_purple_military_skaven_guards_1	wh3_dlc29_red_purple_skaven	4	1
wh3_dlc29_purple_military_skaven_stormvermin	wh3_dlc29_red_purple_skaven	3	1
wh3_dlc29_purple_military_tomb_kings_guards_1	wh3_dlc29_red_purple_tomb_kings	4	1
wh3_dlc29_purple_military_tzeentch_guards_1	wh3_dlc29_red_purple_tzeentch	4	1
wh3_dlc29_purple_military_undead_death_runners	wh3_dlc29_red_purple_tomb_kings	3	1
wh3_dlc29_purple_military_undead_death_runners	wh3_dlc29_red_purple_undead_legions	3	1
wh3_dlc29_purple_military_undead_death_runners	wh3_dlc29_red_purple_vampire_coast	3	1
wh3_dlc29_purple_military_undead_legions_elites_2	wh3_dlc29_red_purple_undead_legions	4	1
wh3_dlc29_purple_military_wood_elves_elites_1	wh3_dlc29_red_purple_wood_elves	4	1
wh3_dlc29_red_any_bretonnia_alarm	wh3_dlc29_red_purple_bretonnia	4	1
wh3_dlc29_red_any_cathay_elites	wh3_dlc29_red_purple_cathay	4	1
wh3_dlc29_red_any_chaos_alarm	wh3_dlc29_red_purple_chaos	4	1
wh3_dlc29_red_any_chaos_dwarfs_alarm	wh3_dlc29_red_purple_chaos_dwarfs	4	1
wh3_dlc29_red_any_chaos_dwarfs_elites	wh3_dlc29_red_purple_chaos_dwarfs	4	1
wh3_dlc29_red_any_dark_elves_alarm	wh3_dlc29_red_purple_dark_elves	4	1
wh3_dlc29_red_any_felix	wh3_dlc29_purple_any_felix	1	1
wh3_dlc29_red_any_gotrek	wh3_dlc29_any_red_green_economic_region_gdp_based	1	1
wh3_dlc29_red_any_greenskins_alarm	wh3_dlc29_red_purple_greenskins	4	1
wh3_dlc29_red_any_high_elves_alarm	wh3_dlc29_red_purple_high_elves	4	1
wh3_dlc29_red_any_high_elves_elites	wh3_dlc29_red_purple_high_elves	4	1
wh3_dlc29_red_any_kislev_alarm	wh3_dlc29_red_purple_kislev	4	1
wh3_dlc29_red_any_lizardmen_alarm	wh3_dlc29_red_purple_lizardmen	4	1
wh3_dlc29_red_any_norsca_alarm	wh3_dlc29_red_purple_norsca	4	1
wh3_dlc29_red_any_nurgle_alarm	wh3_dlc29_red_purple_nurgle	4	1
wh3_dlc29_red_any_ogre_kingdoms_elites	wh3_dlc29_red_purple_ogre_kingdoms	1	1
wh3_dlc29_red_any_ogre_kingdoms_hungry_elite	wh3_dlc29_red_purple_ogre_kingdoms	4	1
wh3_dlc29_red_any_ogre_kingdoms_hungry	wh3_dlc29_red_purple_ogre_kingdoms	3	1
wh3_dlc29_red_any_skaven_guards	wh3_dlc29_red_purple_skaven	4	1
wh3_dlc29_red_any_skaven_haste	wh3_dlc29_any_red_green_economic_region_0	1	1
wh3_dlc29_red_any_skaven_haste	wh3_dlc29_any_red_green_economic_region_1	1	1
wh3_dlc29_red_any_skaven_haste	wh3_dlc29_any_red_green_economic_region_2	1	1
wh3_dlc29_red_any_skaven_haste	wh3_dlc29_any_red_green_economic_region_3	1	1
wh3_dlc29_red_any_skaven_haste	wh3_dlc29_any_red_green_economic_region_4	1	1
wh3_dlc29_red_any_tomb_kings_alarm	wh3_dlc29_red_purple_tomb_kings	4	1
wh3_dlc29_red_economic_vault_1_generated_alarm	wh3_dlc29_vault_tokens_draw_complication	1	1
wh3_dlc29_red_military_bretonnia_elites_1	wh3_dlc29_red_purple_bretonnia	4	1
wh3_dlc29_red_military_bretonnia_guards	wh3_dlc29_red_purple_bretonnia	4	1
wh3_dlc29_red_military_cathay_guards_2	wh3_dlc29_red_purple_cathay	4	1
wh3_dlc29_red_military_chaos_dwarfs_guards_1	wh3_dlc29_red_purple_chaos_dwarfs	4	1
wh3_dlc29_red_military_dark_elves_elites_1	wh3_dlc29_red_purple_dark_elves	4	1
wh3_dlc29_red_military_dark_elves_guards	wh3_dlc29_red_purple_dark_elves	4	1
wh3_dlc29_red_military_greenskins_guards_2	wh3_dlc29_red_purple_greenskins	4	1
wh3_dlc29_red_military_high_elves_guards_3	wh3_dlc29_red_purple_high_elves	4	1
wh3_dlc29_red_military_khorne_elites_2	wh3_dlc29_red_purple_khorne	4	1
wh3_dlc29_red_military_kislev_guards_3	wh3_dlc29_red_purple_kislev	4	1
wh3_dlc29_red_military_kislev_guards	wh3_dlc29_red_purple_kislev	4	1
wh3_dlc29_red_military_lizardmen_elites_2	wh3_dlc29_red_purple_lizardmen	4	1
wh3_dlc29_red_military_lizardmen_guards	wh3_dlc29_red_purple_lizardmen	4	1
wh3_dlc29_red_military_norsca_guards_2	wh3_dlc29_red_purple_norsca	1	1
wh3_dlc29_red_military_nurgle_guards_3	wh3_dlc29_red_purple_nurgle	4	1
wh3_dlc29_red_military_slaanesh_guards	wh3_dlc29_red_purple_slaanesh	4	1
wh3_dlc29_red_military_undead_legions_guards	wh3_dlc29_red_purple_undead_legions	4	1
wh3_dlc29_red_military_vampire_pay_to_reduce_alarm_elite	wh3_dlc29_red_purple_vampire_counts	1	1
wh3_dlc29_red_military_vampire_pay_to_reduce_alarm	wh3_dlc29_red_purple_vampire_counts	1	1
wh3_dlc29_red_military_wood_elves_guards	wh3_dlc29_red_purple_wood_elves	4	1
wh3_dlc29_skv_red_teleport_daemon_lord	wh3_dlc29_any_red_green_economic_region_0	1	1
wh3_dlc29_skv_red_teleport_daemon_lord	wh3_dlc29_any_red_green_economic_region_1	1	1
wh3_dlc29_skv_red_teleport_daemon_lord	wh3_dlc29_any_red_green_economic_region_2	1	1
wh3_dlc29_skv_red_teleport_daemon_lord	wh3_dlc29_any_red_green_economic_region_3	1	1
wh3_dlc29_skv_red_teleport_daemon_lord	wh3_dlc29_any_red_green_economic_region_4	1	1
